TICKER,HOLDING_TICKER,HOLDING_NAME,WEIGHT_PCT,AS_OF_DATE
DIVS,BN/FA CN PFD,Brookfield Corp,5.53,2026-09-17
DIVS,ENB/FK CN PFD,Enbridge Inc,5.30,2026-09-17
DIVS,FTS/PM CN PFD,Fortis Inc/Canada,4.09,2026-09-17
DIVS,ENB/PJ CN PFD,Enbridge Inc,3.38,2026-09-17
DIVS,TRP/PD CN PFD,TC Energy Corp,3.27,2026-09-17
DIVS,PPL/PO CN PFD,Pembina Pipeline Corp,3.17,2026-09-17
DIVS,POW/PG CN PFD,Power Corp of Canada,3.07,2026-09-17
DIVS,"COCAPS 8 7/8 05/02/33",Coast Capital Savings Federal Credit Union,2.94,2026-09-17
DIVS,BCE/PA CN PFD,BCE Inc,2.71,2026-09-17
DIVS,MFC/PJ CN PFD,Manulife Financial Corp,2.62,2026-09-17
ETC,BITCOIN EQUITY,Physical Bitcoin,78.25,2026-09-17
ETC,ETHER EQUITY,Physical Ethereum,12.89,2026-09-17
ETC,XRP EQUITY,Physical XRP,5.32,2026-09-17
ETC,SOLANA EQUITY,Physical Solana,3.54,2026-09-17
EARN,"SOFTBK 5 1/4 10/10/29",SoftBank Group Corp,1.44,2026-09-17
EARN,"BRITEL 8 3/8 12/20/2083",British Telecommunications Ltd,1.42,2026-09-17
EARN,"HMI 2024-2 A1",Holmes Master Issuer PLC,1.36,2026-09-17
EARN,"PINEFI 6 03/27/30",Pinewood Finco PLC,1.35,2026-09-17
EARN,"SDLF 7 3/8 PERP",Standard Life PLC,1.32,2026-09-17
EARN,"VZ 5.742 06/15/56",Verizon Communications Inc,1.31,2026-09-17
EARN,"ZION 6.816 11/19/35",Zions Bancorp NA,1.29,2026-09-17
EARN,"GM 5 5/8 04/04/32",General Motors Financial Co Inc,1.27,2026-09-17
EARN,"PNFP 5.957 01/15/36",Pinnacle Bank/Nashville TN,1.24,2026-09-17
EARN,"DB 7 1/8 PERP",Deutsche Bank AG,1.22,2026-09-17
EARN,"TELEFO 6.135 PERP",Telefonica Europe BV,1.21,2026-09-17
EARN,"ACAFP 6 1/2 PERP",Credit Agricole SA,1.21,2026-09-17
EARN,"FIBCOP 5 3/8 04/15/31",Fibercop SpA,1.19,2026-09-17
EARN,"BCKTP 1X A",Beckett Park Clo DAC,1.17,2026-09-17
EARN,"ARDGRP 6 7/8 02/15/31",Ardonagh Finco Ltd,1.17,2026-09-17
EARN,"ACAHB 2024-1 A1",FCT Credit Agricole Habitat 2024,1.17,2026-09-17
EARN,"ABANCA 4 5/8 12/11/36",Abanca Corp Bancaria SA,1.17,2026-09-17
EARN,"NYKRE 5 1/4 PERP",Nykredit Realkredit A/S,1.17,2026-09-17
EARN,"IBESM 4.247 PERP",Iberdrola Finanzas SA,1.16,2026-09-17
EARN,"MBKPW 4.335 05/26/33",mBank SA,1.16,2026-09-17
EARN,"DAR 4 1/2 07/15/32",Darling Global Finance BV,1.16,2026-09-17
EARN,"UCAJLN 5.95 PERP",Unicaja Banco SA,1.15,2026-09-17
EARN,"TAURS 2025-UK2X A",Taurus 2025-2 UK DAC,1.15,2026-09-17
EARN,"URWFP 4 3/4 PERP",Unibail-Rodamco-Westfield SE,1.14,2026-09-17
EARN,"VTRS 4 1/4 06/17/33",Viatris Inc,1.14,2026-09-17
EARN,"RWE 4 1/8 06/18/55",RWE AG,1.14,2026-09-17
EARN,"ALPHA 4.308 07/23/36",Alpha Bank SA,1.14,2026-09-17
EARN,"CCAMA 5 3/4 PERP",Caisse Nationale de Reassurance Mutuelle Agricole Groupama,1.13,2026-09-17
EARN,"CHTR 6.65 02/01/34",Charter Communications Operating LLC / Charter Communications Operating Capital,1.11,2026-09-17
EARN,"SAZKAG 7 1/4 04/30/30",Allwyn Entertainment Financing UK PLC,1.09,2026-09-17
EARN,"BTSDF 9 1/8 07/24/28",Health & Happiness H&H International Holdings Ltd,1.07,2026-09-17
EARN,"SASOL 8 3/4 04/10/33",Sasol Financing USA LLC,1.07,2026-09-17
EARN,"VOD 8 08/30/2086",Vodafone Group PLC,1.07,2026-09-17
EARN,"F 7.35 03/06/30",Ford Motor Credit Co LLC,1.06,2026-09-17
EARN,"CVS 7 03/10/55",CVS Health Corp,1.05,2026-09-17
EARN,"RAKUTN 11 1/4 02/15/27",Rakuten Group Inc,1.04,2026-09-17
EARN,"SYF 7 1/4 02/02/33",Synchrony Financial,1.04,2026-09-17
EARN,"HLSTWR 7 1/2 06/04/29",HTA Group Ltd/Mauritius,1.04,2026-09-17
EARN,"RLMI 6 1/8 11/13/28",Rl Finance Bonds No 3 PLC,1.03,2026-09-17
EARN,"AXNTLC 7 1/4 07/11/30",Axian Telecom Holding & Management PLC,1.03,2026-09-17
EARN,"ULKER 7 7/8 07/08/31",Ulker Biskuvi Sanayi AS,1.03,2026-09-17
EARN,"HASI 6.15 01/15/31",HA Sustainable Infrastructure Capital Inc,1.03,2026-09-17
EARN,"TURKTI 7 3/8 05/20/29",Turk Telekomunikasyon AS,1.03,2026-09-17
EARN,"OMF 7 1/8 09/15/32",OneMain Finance Corp,1.02,2026-09-17
EARN,"BDS 2026-FL18X B",BDS 2026-FL18 LLC,1.02,2026-09-17
EARN,"BANORT 7 1/2 PERP",Banco Mercantil del Norte SA/Grand Cayman,1.02,2026-09-17
EARN,"IHS 6 1/4 11/29/28",IHS Holding Ltd,1.02,2026-09-17
EARN,"AKBNK 7 7/8 09/04/35",Akbank TAS,1.01,2026-09-17
EARN,"MPEL 5 3/4 07/21/28",Melco Resorts Finance Ltd,1.01,2026-09-17
EARN,"VAKBN 7 1/4 07/31/30",Turkiye Vakiflar Bankasi TAO,1.01,2026-09-17
EARN,"LGEN 5.55 04/24/52",Legal & General Group PLC,1.01,2026-09-17
EARN,"WTBLN 2 3/8 05/31/27",Whitbread Group PLC,1.01,2026-09-17
EARN,"DAIL 6.2 PERP",Dai-ichi Life Insurance Co Ltd,1.00,2026-09-17
EARN,"BANMEX 6.697 08/07/36",Banco Nacional de Mexico SA,1.00,2026-09-17
EARN,"FRESHK 5 1/4 01/13/29",Far East Horizon Ltd,1.00,2026-09-17
EARN,"TELSER 7 1/4 05/18/31",Telecommunications co Telekom Srbija AD Belgrade,1.00,2026-09-17
EARN,"EMI 2025-1 A",Economic Master Issuer PLC,1.00,2026-09-17
EARN,"OHIFLY 13 07/22/29",OHI Group SA,0.99,2026-09-17
EARN,"ORCL 4.55 02/04/29",Oracle Corp,0.99,2026-09-17
EARN,"BTGPBZ 5 1/2 01/27/31",Banco BTG Pactual SA/Cayman Islands,0.99,2026-09-17
EARN,"VEONHD 3 3/8 11/25/27",Veon Midco BV,0.99,2026-09-17
EARN,"RIBL 5.805 01/14/36",Riyad Bank,0.98,2026-09-17
EARN,"RDEDOR 4 1/2 01/22/30",Rede D'or Finance Sarl,0.95,2026-09-17
EARN,"DB 3.729 01/14/32",Deutsche Bank AG/New York NY,0.93,2026-09-17
EARN,"MCBRAC 7 1/4 06/30/31",MC Brazil Downstream Trading SARL,0.91,2026-09-17
EARN,"SMI 2023-1 2A",Silverstone Master Issuer PLC,0.89,2026-09-17
EARN,"NSANY 5 1/4 07/17/29",Nissan Motor Co Ltd,0.88,2026-09-17
EARN,"DLR 3 3/4 01/15/33",Digital Euro Finco LLC,0.83,2026-09-17
EARN,"LTMCI 7 7/8 04/15/30",Latam Airlines Group SA,0.77,2026-09-17
EARN,"PRU 4 1/2 09/15/47",Prudential Financial Inc,0.76,2026-09-17
EARN,"CPKLN 7 7/8 08/28/29",CPUK Finance Ltd,0.70,2026-09-17
EARN,"PUBLN 7 7/8 12/30/30",Punch Finance PLC,0.70,2026-09-17
EARN,"JERRGB 7 7/8 04/15/30",Jerrold Finco PLC,0.70,2026-09-17
EARN,"PRUFIN 6 1/8 12/19/31",Prudential Funding Asia PLC,0.69,2026-09-17
EARN,"NGGLN 5 3/4 04/16/32",National Grid Electricity Distribution West Midlands PLC,0.68,2026-09-17
EARN,"BLNDLN 5.357 03/31/28",British Land Co PLC/The,0.68,2026-09-17
EARN,"WSTSTR 5.124 05/05/31",Westfield Stratford City Finance NO 3 PLC,0.67,2026-09-17
EARN,"ALDMRE 6 10/01/35",Aldermore Group PLC,0.67,2026-09-17
EARN,"OCDOLN 0 3/4 01/18/27",Ocado Group PLC,0.67,2026-09-17
EARN,"MGNLN 5 5/8 10/20/51",M&G PLC,0.66,2026-09-17
EARN,"BRACN 2025-1X A",Braccan Mortgage Funding 2025-1 PLC,0.66,2026-09-17
EARN,"BOPRLN 9 3/8 11/07/29",Boparan Finance PLC,0.64,2026-09-17
EARN,"HTHROW 4 1/8 09/01/29",Heathrow Finance PLC,0.64,2026-09-17
EARN,"VMED 5 1/4 05/15/29",Virgin Media Secured Finance PLC,0.63,2026-09-17
EARN,"AMSSW 7 1/4 05/31/32",ams-OSRAM AG,0.60,2026-09-17
EARN,"CHEPDE 7 1/8 06/15/31",Cheplapharm Arzneimittel GmbH,0.60,2026-09-17
EARN,"UNIIM 4.9 05/23/34",Unipol Assicurazioni SpA,0.59,2026-09-17
EARN,"VOWIBA 5 1/2 12/04/35",Volksbank Wien AG,0.59,2026-09-17
EARN,"CORDA 11X ARR",CVC Cordatus Loan Fund XI DAC,0.59,2026-09-17
EARN,"CLARFP 6 7/8 04/15/31",Clariane SE,0.59,2026-09-17
EARN,"NEOEFI 5 1/2 06/15/31",Neoen Finco PLC,0.59,2026-09-17
EARN,"TAPTRA 5 1/8 11/15/29",Transportes Aereos Portugueses SA,0.59,2026-09-17
EARN,"APPARK Float 04/15/31",APCOA GmbH,0.59,2026-09-17
EARN,"TULPK 1X A",Tully Park Clo DAC,0.59,2026-09-17
EARN,"MBHBAN 5 1/4 01/29/30",MBH Bank Nyrt,0.58,2026-09-17
EARN,"COF 4.326 09/15/32",Capital One Financial Corp,0.58,2026-09-17
EARN,"IPDEBV Float 06/15/31",IPD 3 BV,0.58,2026-09-17
EARN,"RABROM 4.626 01/25/33",Raiffeisen Bank SA,0.58,2026-09-17
EARN,"TEVA 4 1/4 03/16/33",Teva Pharmaceutical Finance Netherlands II BV,0.58,2026-09-17
EARN,"ENELIM 4 1/2 PERP",Enel SpA,0.56,2026-09-17
EARN,"STLA 3 1/2 09/19/30",Stellantis NV,0.56,2026-09-17
EARN,"IRM 4 3/4 01/15/34",Iron Mountain Inc,0.56,2026-09-17
EARN,"ARGID 11 12/01/30",Ardagh Group SA,0.55,2026-09-17
EARN,"STLA 6 7/8 PERP",Stellantis NV,0.54,2026-09-17
EARN,"PAA 6 3/4 12/15/56",Plains All American Pipeline LP,0.51,2026-09-17
EARN,"ALLY 6.7 02/14/33",Ally Financial Inc,0.51,2026-09-17
EARN,"BDS 2026-FL18X A",BDS 2026-FL18 LLC,0.51,2026-09-17
EARN,"XRAY 8 3/8 09/12/55",DENTSPLY SIRONA Inc,0.51,2026-09-17
EARN,"PEMEX 6.7 02/16/32",Petroleos Mexicanos,0.50,2026-09-17
EARN,"WAL 3 06/15/31",Western Alliance Bancorp,0.35,2026-09-17
EARN,"FMC 4 1/2 10/01/49",FMC Corp,0.16,2026-09-17
EARN,"RXZ6 COMDTY",EURO-BUND FUTURE Dec26,0.00,2026-09-17
EARN,"VGZ6 INDEX",EURO STOXX 50 Dec26,0.00,2026-09-17
