TICKER,holding_ticker,holding_name,weight_pct,as_of
FAUS,,Nvidia,7.94,2026-06-30
FAUS,,Apple,7.36,2026-06-30
FAUS,,"Alphabet, Cl. A",7.10,2026-06-30
FAUS,,Microsoft,5.31,2026-06-30
FAUS,,Broadcom,3.75,2026-06-30
FAUS,,Amazon.com,3.50,2026-06-30
FAUS,,American Electric Power Company,2.99,2026-06-30
FAUS,,Targa Resources,2.79,2026-06-30
FAUS,,Micron Technology,2.51,2026-06-30
FAUS,,"Eli Lilly and Company",2.47,2026-06-30
FAUS,,"Merck & Co.",2.39,2026-06-30
FAUS,,PACCAR Inc.,2.37,2026-06-30
FAUS,,UnitedHealth Group,2.18,2026-06-30
FAUS,,Lam Research,2.16,2026-06-30
FAUS,,Charles Schwab,2.00,2026-06-30
FAUS,,"Moody's Corp.",1.68,2026-06-30
FAUS,,General Motors,1.51,2026-06-30
FAUS,,"BJS WHSL CLUB HLDGS INC",1.30,2026-06-30
FAUS,,"WARNER BROS DISCOVERY INC",1.26,2026-06-30
FAUS,,"DELTA AIR INC",1.11,2026-06-30
FAUS,,Toast,1.02,2026-06-30
FAUS,,iShares Core S&P 500 ETF,1.00,2026-06-30
FAUS,,Chipotle Mexican Grill,0.94,2026-06-30
FAUS,,GE Vernova,0.86,2026-06-30
FAUS,,TRUIST FINL CORP,0.86,2026-06-30
FAUS,,KeyCorp,0.86,2026-06-30
FAUS,,REMITLY GLOBAL INC,0.83,2026-06-30
FAUS,,"Brown & Brown",0.83,2026-06-30
FAUS,,Exxon Mobil,0.82,2026-06-30
FAUS,,Amphenol Corporation,0.80,2026-06-30
FAUS,,Arista Networks,0.79,2026-06-30
FAUS,,"Estée Lauder",0.78,2026-06-30
FAUS,,Kroger,0.77,2026-06-30
FAUS,,SAMSARA INC,0.74,2026-06-30
FAUS,,TRANSUNION,0.71,2026-06-30
FAUS,,Knight-Swift Transportation Holdings,0.69,2026-06-30
FAUS,,"Arthur J. Gallagher & Co.",0.69,2026-06-30
FAUS,,Meta Platforms,0.69,2026-06-30
FAUS,,DUTCH BROS INC,0.69,2026-06-30
FAUS,,CONSTRUCTION PARTNERS INC CL A,0.64,2026-06-30
FAUS,,Ventas REIT,0.62,2026-06-30
FAUS,,Carvana,0.59,2026-06-30
FAUS,,Cencora,0.57,2026-06-30
FAUS,,COGENT BIOSCIENCES INC,0.54,2026-06-30
FAUS,,"Brink's",0.54,2026-06-30
FAUS,,HERC HOLDINGS INC,0.53,2026-06-30
FAUS,,FOX CORP CL A,0.53,2026-06-30
FAUS,,Mercado Libre,0.52,2026-06-30
FAUS,,Ball Corp.,0.50,2026-06-30
FAUS,,VIATRIS INC,0.49,2026-06-30
FAUS,,ConocoPhillips,0.49,2026-06-30
FAUS,,Somnigroup International,0.43,2026-06-30
FAUS,,HEICO Corporation,0.42,2026-06-30
FAUS,,Welltower,0.42,2026-06-30
FAUS,,KLA Corporation,0.41,2026-06-30
FAUS,,AFFIRM HOLDINGS INC,0.39,2026-06-30
FAUS,,Western Digital,0.37,2026-06-30
FAUS,,Sherwin-Williams,0.36,2026-06-30
FAUS,,GARRETT MOTION INC,0.36,2026-06-30
FAUS,,ACI WORLDWIDE INC,0.36,2026-06-30
FAUS,,Coherent,0.34,2026-06-30
FAUS,,Performance Food Group,0.33,2026-06-30
FAUS,,INSMED INC,0.33,2026-06-30
FAUS,,BRADY CORPORATION CL A,0.32,2026-06-30
FAUS,,Marvell Technology,0.31,2026-06-30
FAUS,,"MasterCard, Cl. A",0.31,2026-06-30
FAUS,,ENOVA INTL INC,0.28,2026-06-30
FAUS,,WILLIS TOWERS WATSON PLC,0.27,2026-06-30
FAUS,,KARMAN HOLDINGS INC,0.26,2026-06-30
FAUS,,VEECO INSTRUMENT,0.25,2026-06-30
FAUS,,BLUE OWL CAPITAL INC A,0.24,2026-06-30
FAUS,,NATIONAL VISION HOLDINGS INC,0.22,2026-06-30
FAUS,,SPROUTS FMRS MKT INC,0.21,2026-06-30
FAUS,,Philip Morris,0.21,2026-06-30
FAUS,,DATADOG INC CL A,0.20,2026-06-30
FAUS,,Gilead Sciences,0.20,2026-06-30
FAUS,,Waters Corp.,0.20,2026-06-30
FAUS,,RAMBUS INC,0.19,2026-06-30
FAUS,,RELAY THERAPEUTICS INC,0.19,2026-06-30
FAUS,,KIMBERLY CLARK CORP,0.19,2026-06-30
FAUS,,Palantir Technologies Inc.,0.18,2026-06-30
FAUS,,Dell Technologies,0.17,2026-06-30
FAUS,,Roblox Corporation,0.17,2026-06-30
FAUS,,MAGNITE INC,0.16,2026-06-30
FAUS,,Armstrong World Industries,0.16,2026-06-30
FAUS,,ABERCROMBIE & FITCH CO CL A,0.16,2026-06-30
FAUS,,First Solar,0.16,2026-06-30
FAUS,,FORGENT POWER SOLUTIONS INC,0.15,2026-06-30
FAUS,,ACUITY INC,0.15,2026-06-30
FAUS,,Nextera Energy,0.15,2026-06-30
FAUS,,COMMUNITY FINANCIAL SYSTEM INC,0.14,2026-06-30
FAUS,,Block,0.14,2026-06-30
FAUS,,VIAVI SOLUTIONS INC,0.14,2026-06-30
FAUS,,Terex,0.13,2026-06-30
FAUS,,Comfort Systems USA,0.12,2026-06-30
FAUS,,LYFT INC,0.11,2026-06-30
FAUS,,RAYMOND JAMES FINANCIAL INC.,0.11,2026-06-30
FAUS,,TWILIO INC CLASS A,0.11,2026-06-30
FAUS,,EXPEDIA INC,0.11,2026-06-30
FAUS,,Mosaic,0.11,2026-06-30
FAUS,,SCOTTS MIRACLE GRO CO,0.10,2026-06-30
FAUS,,WORKIVA INC,0.10,2026-06-30
FAUS,,AutoZone,0.09,2026-06-30
FAUS,,BALDWIN INSURANCE GROUP INC/TH,0.09,2026-06-30
FAUS,,IRHYTHM TECHNOLOGIES INC,0.09,2026-06-30
FAUS,,UWM HOLDINGS CORP CL A,0.09,2026-06-30
FAUS,,HILLMAN SOLUTIONS CORP,0.08,2026-06-30
FAUS,,WESTERN ALLIANCE BANCORP,0.08,2026-06-30
FAUS,,CAVA GROUP INC,0.08,2026-06-30
FAUS,,MODERNA INC,0.08,2026-06-30
FAUS,,Starbucks,0.08,2026-06-30
FAUS,,MOTOROLA SOLUTIONS INC,0.08,2026-06-30
FAUS,,FIGMA INC-CL A,0.08,2026-06-30
FAUS,,HAYWARD HOLDINGS INC,0.07,2026-06-30
FAUS,,NATERA INC,0.07,2026-06-30
FAUS,,COMPASS INC,0.06,2026-06-30
FAUS,,MIRION TECHNOLOGIES INC-A,0.06,2026-06-30
FAUS,,COASTAL FINANCIAL CORP/WA,0.06,2026-06-30
FAUS,,Penguin Solutions,0.04,2026-06-30
FAUS,,Charles River Laboratories,0.04,2026-06-30
FAUS,,Boeing,0.04,2026-06-30
FAUS,,C N A FINANCIAL CORP,0.03,2026-06-30
FAUS,,FIDELITY NATIONAL FINL INC,0.03,2026-06-30
FAUS,,The Bancorp,0.03,2026-06-30
FAUS,,ADVANCED ENERGY INDUSTRIES INC,0.03,2026-06-30
FAUS,,FIGURE TECHNOLOGY SOLUTI INC A,0.03,2026-06-30
FAUS,,LINDBLAD EXPEDITIONS HOLDINGS,0.03,2026-06-30
FAUS,,BRAZE INC,0.03,2026-06-30
FAUS,,LIMBACH HOLDINGS INC,0.02,2026-06-30
FAUS,,Dollar Tree,0.02,2026-06-30
FAUS,,Intuitive Surgical,0.01,2026-06-30
FAUS,,NEXSTAR MEDIA GROUP INC,0.01,2026-06-30
FAUS,,SILICON LABORATORIES INC,0.01,2026-06-30
FAUS,,LSI INDUSTRIES INC,0.01,2026-06-30
FAUS,,Fidelity U.S. Money Market Investment Trust,0.40,2026-06-30
FAUS,,U.S. dollar,0.06,2026-06-30
FBAL,,Fidelity U.S. Momentum ETF,8.0,2026-09-18
FBAL,,Fidelity U.S. Value ETF,7.6,2026-09-18
FBAL,,Fidelity U.S. High Quality ETF,7.6,2026-09-18
FBAL,,Fidelity U.S. Low Volatility ETF,7.2,2026-09-18
FBAL,,Fidelity Systematic Canadian Bond Index ETF,26.2,2026-09-18
FBAL,,Fidelity Core U.S. Bond ETF,1.8,2026-09-18
FBAL,,Fidelity International High Quality ETF,3.8,2026-09-18
FBAL,,Fidelity International Value ETF,3.7,2026-09-18
FBAL,,Fidelity International Momentum ETF,3.6,2026-09-18
FBAL,,Fidelity International Low Volatility ETF,3.6,2026-09-18
FBAL,,Fidelity Canadian Value ETF,3.7,2026-09-18
FBAL,,Fidelity Canadian Low Volatility ETF,3.7,2026-09-18
FBAL,,Fidelity Canadian Momentum ETF,3.6,2026-09-18
FBAL,,Fidelity Canadian High Quality ETF,3.5,2026-09-18
FBAL,,Fidelity Absolute Income Fund,4.5,2026-09-18
FBAL,,Fidelity Global Core Plus Bond ETF,4.4,2026-09-18
FBAL,,Fidelity Advantage Bitcoin ETF®,2.1,2026-09-18
FBAL,,Fidelity Global Small Cap Opportunities Fund,1.4,2026-09-18
FBTC,,Bitcoin,100.00,2026-09-18
FBTC.U,,Bitcoin,100.00,2026-09-18
FCAB,,"CAD 8/4/2026 FORWARD CC",101.09,2026-06-30
FCAB,,"USD SPOT CC",100.54,2026-06-30
FCAB,,"CAD 7/2/2026 FORWARD CC",100.14,2026-06-30
FCAB,,"Fidelity U.S. Money Market Investment Trust",0.70,2026-06-30
FCAB,,"USD FOR OTC SWAP COLLATER",0.68,2026-06-30
FCAB,,"U.S. dollar",0.31,2026-06-30
FCAB,,Euro,0.00,2026-06-30
FCAB,,SWPADJUSD,0.00,2026-06-30
FCAB,,"CAD SPOT CC",-100.58,2026-06-30
FCAB,,"USD 8/4/2026 FORWARD CC",-101.06,2026-06-30
FCAB,,"USD 7/2/2026 FORWARD CC",-103.11,2026-06-30
FCAB,,"TRANSCANADA PIP 7%/VAR 6/1/65",0.18,2026-06-30
FCAB,,"TOR DOM BK 6.35%/VAR 10/31/85",0.18,2026-06-30
FCAB,,"ENBRIDGE INC 7.375%/VAR 3/55",0.14,2026-06-30
FCAB,,"TRANSCANADA 6.125%/VAR 10/56",0.13,2026-06-30
FCAB,,"ROYALBK 6.5%/VAR 05/24/86",0.13,2026-06-30
FCAB,,"GILDAN ACTIVEW 5.4% 10/35 144A",0.10,2026-06-30
FCAB,,"ROYALBK 6.5%/VAR 11/24/85",0.08,2026-06-30
FCAB,,"TRANSCANADA TRU 5.6%/VAR 3/82",0.03,2026-06-30
FCAB,,"CENOVUS ENERGY 5.4% 03/20/36",0.00,2026-06-30
FCAB,,"1261229 BC LTD 10% 4/32 144A",0.57,2026-06-30
FCAB,,"ALTAGAS LTD T5Y+ 10/15/54 144A",0.24,2026-06-30
FCAB,,"SATURN OIL & 9.625% 6/29 144A",0.21,2026-06-30
FCAB,,"CHAMPION IRON 7.875% 7/32 144A",0.18,2026-06-30
FCAB,,"ROGERS COM 6.875%/VAR 7/31/56",0.18,2026-06-30
FCAB,,"ATS CORP 4.125% 12/15/28 144A",0.14,2026-06-30
FCAB,,"BAUSCH & LOM 8.375% 10/28 144A",0.12,2026-06-30
FCAB,,"TREKOR METALS 8.25% 5/30 144A",0.12,2026-06-30
FCAB,,"BROOKFIELD RES 6.25% 9/27 144A",0.11,2026-06-30
FCAB,,"BROOKFIELD RES 5% 6/15/29 144A",0.11,2026-06-30
FCAB,,"TELUS CORPORA 6.625%/VAR 10/55",0.10,2026-06-30
FCAB,,"ALGOMA STE 9.125% 4/15/29 144A",0.09,2026-06-30
FCAB,,"BOMBARDIER INC 5.875% 1/35 144",0.09,2026-06-30
FCAB,,"GFL ENV INC 6.75% 1/15/31 144A",0.09,2026-06-30
FCAB,,"1011778 BC UL 4.375% 1/28 144A",0.08,2026-06-30
FCAB,,"BAUSCH HEALTH TM B 1LN 10/30",0.08,2026-06-30
FCAB,,"BOMBARDIER INC 6.75% 6/33 144A",0.08,2026-06-30
FCAB,,"FIRST QUANTUM 6.375% 2/36 144A",0.05,2026-06-30
FCAB,,"BAUSCH HEALTH 11% 9/30/28 144A",0.05,2026-06-30
FCAB,,"BELL TELEPHONE 7%/VAR 09/15/55",0.05,2026-06-30
FCAB,,"ROGERS COM 7%/VAR 04/15/55",0.05,2026-06-30
FCAB,,"SOLMAX TERM B 1LN 05/27/28",0.03,2026-06-30
FCAB,,"BAUSCH & LOMB TM B 1LN 1/31",0.03,2026-06-30
FCAB,,"IVC TERM B 1LN 12/06/2028",0.03,2026-06-30
FCAB,,"ROCKPOINT GAS TERM B 1LN 9/31",0.02,2026-06-30
FCAB,,"FOUR SEASONS HOTELS TM B 1LN 9",0.02,2026-06-30
FCAB,,"CAPSTONE CO 6.75% 3/31/33 144A",0.02,2026-06-30
FCAB,,"BGIS TERM 1LN 05/31/28",0.02,2026-06-30
FCAB,,"RESTAURANT TM B6 1LN 09/23/30",0.01,2026-06-30
FCAB,,"POINTCLICKCARE TM B 1LN 11/31",0.01,2026-06-30
FCAB,,"AIR CANADA TM B 1LN 03/21/2031",0.01,2026-06-30
FCAB,,"METHANEX CORP 5.65% 12/01/44",0.01,2026-06-30
FCAB,,"US 5YR NOTE (CBT) SEP26 FVU6",3.62,2026-06-30
FCAB,,"UMBS 30YR 2.5% 07/56 #TBA",1.40,2026-06-30
FCAB,,"UMBS 30YR 5.5% 07/56 #TBA",1.13,2026-06-30
FCAB,,"UST BILLS 0% 09/17/26",1.07,2026-06-30
FCAB,,"DOMINICAN REP 7.05% 2/31 144A",0.60,2026-06-30
FCAB,,"GNII II 4% 07/56 #TBA",0.58,2026-06-30
FCAB,,"USTN TII 2.375% 02/15/55",0.57,2026-06-30
FCAB,,"GNII II 6% 07/56 #TBA",0.53,2026-06-30
FCAB,,"PEMEX 8.75% 06/02/29",0.52,2026-06-30
FCAB,,"COLOMBIA GOVT 7.375% 04/25/30",0.47,2026-06-30
FCAB,,"UMBS 30YR 5% 07/56 #TBA",0.44,2026-06-30
FCAB,,"MONTENEGRO REP 7.25% 3/31 144A",0.42,2026-06-30
FCAB,,"JORDAN 7.5% 01/13/29 144A",0.42,2026-06-30
FCAB,,"UMBS 30YR 4.5% 07/56 #TBA",0.42,2026-06-30
FCAB,,"GOLAR LNG LTD 7.5% 10/30 144A",0.42,2026-06-30
FCAB,,"UMBS 15YR 4% 07/41 #TBA",0.40,2026-06-30
FCAB,,"NICKEL INDUSTRI 9% 9/30 144A",0.40,2026-06-30
FCAB,,"ROMANIA GOVT 7.125% 1/33 144A",0.38,2026-06-30
FCAB,,"ENTERGY COR 7.125%/VAR 12/1/54",0.37,2026-06-30
FCAB,,"GENMAB A/S/GE 7.25% 12/33 144A",0.36,2026-06-30
FCAB,,"ENQUEST PLC 9.875% 4/31 144A",0.34,2026-06-30
FCAB,,"BAHRAIN GOVT 7.375% 5/30 144A",0.33,2026-06-30
FCAB,,"PANAMA GOVT 6.875% 01/31/36",0.33,2026-06-30
FCAB,,"UMBS 30YR 4% 07/56 #TBA",0.32,2026-06-30
FCAB,,"SEMPRA 6.875%/VAR 10/01/54",0.32,2026-06-30
FCAB,,"GNII II 5.5% 07/56 #TBA",0.32,2026-06-30
FCAB,,"SOUTH AFRICA 7.1% 11/36 144A",0.31,2026-06-30
FCAB,,"COLOMBIA GOVT 6.5% 01/21/33",0.30,2026-06-30
FCAB,,"TELECOM ITALI 7.721% 06/04/38",0.30,2026-06-30
FCAB,,"USTN TII 2.125% 02/15/54",0.29,2026-06-30
FCAB,,"ROMANIA GOVT 7.5% 2/10/37 144A",0.29,2026-06-30
FCAB,,"ALLY FINL INC 6.992%/VAR 6/29",0.28,2026-06-30
FCAB,,"PRUDENTIAL FINL 5.7%/VAR 9/48",0.27,2026-06-30
FCAB,,"ORACLE CORP 6.25% 11/09/32",0.27,2026-06-30
FCAB,,"EGYPT GOVT 7.625% 5/29/32 144A",0.27,2026-06-30
FCAB,,"VERIZON COM 6.2%/VAR 05/14/56",0.27,2026-06-30
FCAB,,"HUMANA INC 5.55% 05/01/35",0.27,2026-06-30
FCAB,,"UST BILLS 0% 08/27/26",0.26,2026-06-30
FCAB,,"PHILLIPS 66 CO 5.875%/VAR 3/56",0.26,2026-06-30
FCAB,,"GNII II 5.5% 08/56 #TBA",0.26,2026-06-30
FCAB,,"ECUADOR GOVT 8.75% 1/34 144A",0.26,2026-06-30
FCAB,,"CITADEL FIN 5.15% 2/14/31 144A",0.26,2026-06-30
FCAB,,"DANAOS CORP 6.875% 10/32 144A",0.25,2026-06-30
FCAB,,"TURKEY REP 9.375% 03/14/29",0.25,2026-06-30
FCAB,,"BRIGHTHOUSE FIN 5.625% 5/15/30",0.24,2026-06-30
FCAB,,"NIGERIA GOVT 8.6308% 1/36 144A",0.24,2026-06-30
FCAB,,"CONCENTRIX CORP 6.5% 03/01/29",0.24,2026-06-30
FCAB,,"ENDEAVOUR MININ 7% 5/30 144A",0.23,2026-06-30
FCAB,,"EL SALVADO GOV 9.25% 4/30 144A",0.23,2026-06-30
FCAB,,"NISOURCE INC 6.95%/VAR 11/54",0.23,2026-06-30
FCAB,,"UST BILLS 0% 09/24/26",0.23,2026-06-30
FCAB,,"CENTERPOINT ENE 6.7%/VAR 5/55",0.23,2026-06-30
FCAB,,"NEXTERA ENER CA 6.7%/VAR 9/54",0.23,2026-06-30
FCAB,,"HSBC HLD PLC 7.399%/VAR 11/34",0.23,2026-06-30
FCAB,,"MINERAL RES LTD 7% 4/1/31 144A",0.23,2026-06-30
FCAB,,"LAS VEGAS SAN 5.625% 06/15/28",0.22,2026-06-30
FCAB,,"LYB INTERNAT 5.875% 01/15/36",0.22,2026-06-30
FCAB,,"MAREX GROUP PLC 5.68% 04/21/31",0.22,2026-06-30
FCAB,,"GLOBAL AIRCRFT 8.75% 9/27 144A",0.22,2026-06-30
FCAB,,"BRAZIL GOVT 6.625% 03/15/35",0.22,2026-06-30
FCAB,,"FIRST CITIZENS 5.6%/VAR 9/5/35",0.22,2026-06-30
FCAB,,"RD MICHIGAN PRO 7.5% 3/45 144A",0.21,2026-06-30
FCAB,,"COREBRIDGE FINA T5Y+NA 12/52",0.21,2026-06-30
FCAB,,"TURKEY REP 7.25% 05/29/32",0.21,2026-06-30
FCAB,,"VIRIDIEN 10% 10/15/30 144A",0.21,2026-06-30
FCAB,,"AERCAP IRELAND 6.95%/VAR 3/55",0.20,2026-06-30
FCAB,,"ARGENTINA GOVT STEP 07/09/41",0.20,2026-06-30
FCAB,,"APTIV SWISS 6.875%/VAR 12/54",0.19,2026-06-30
FCAB,,"WEATHERFORD 6.75% 10/33 144A",0.19,2026-06-30
FCAB,,"BARBADOS GOVT 8% 6/26/35 144A",0.19,2026-06-30
FCAB,,"TARGA RESO CORP 6.125% 3/15/33",0.18,2026-06-30
FCAB,,"DOW 6.3% 03/15/33",0.18,2026-06-30
FCAB,,"SEAGATE DATA 8.25% 12/29 144A",0.18,2026-06-30
FCAB,,"VALARIS LTD 8.375% 4/30 144A",0.18,2026-06-30
FCAB,,"FMG RES A 6.125% 04/15/32 144A",0.18,2026-06-30
FCAB,,"HSBC HLD PLC 7.05%/VAR PERP",0.18,2026-06-30
FCAB,,"ORACLE CORP 6.15% 11/09/29",0.18,2026-06-30
FCAB,,"JPMC CO 6.1%/VAR PERP",0.18,2026-06-30
FCAB,,"FLOWSERVE CORP 5.7% 05/15/36",0.18,2026-06-30
FCAB,,"MONGOLIA GOVT 5.95% 3/32 144A",0.18,2026-06-30
FCAB,,"SOUTHCO 6%/VAR 04/01/58",0.18,2026-06-30
FCAB,,"LYB INTERNAT 5.125% 01/15/31",0.17,2026-06-30
FCAB,,"EVERSOURCE ENRGY 6.1%/VAR 8/56",0.17,2026-06-30
FCAB,,"HYUNDAI CAP AM 4.75% 4/29 144A",0.17,2026-06-30
FCAB,,"PATTERSON-UTI E 6.05% 05/15/36",0.17,2026-06-30
FCAB,,"REINSURANCE GRO T5Y+ 09/15/56",0.17,2026-06-30
FCAB,,"BLUE OWL TECH 6.5% 10/15/29",0.17,2026-06-30
FCAB,,"ARES STRTGC 6.2% 03/21/32",0.17,2026-06-30
FCAB,,"ALLIANT ENRGY 5.75%/VAR 4/1/56",0.17,2026-06-30
FCAB,,"NEXTERA ENER CA 4.8%/VAR 12/77",0.17,2026-06-30
FCAB,,"SPACE EXPL 5.85% 07/15/36 144A",0.17,2026-06-30
FCAB,,"DOMINION 6.875%/VAR 02/01/55",0.17,2026-06-30
FCAB,,"DOW 9.4% 05/15/39",0.17,2026-06-30
FCAB,,"SOUTHWEST AIRLS 5.25% 11/15/35",0.17,2026-06-30
FCAB,,"ORACLE CORP 4.9% 02/06/33",0.17,2026-06-30
FCAB,,"ENTERPRISE PRD 5.375%/VAR 2/78",0.16,2026-06-30
FCAB,,"UMBS 30YR 3.5% 07/56 #TBA",0.16,2026-06-30
FCAB,,"BRAZIL GOVT 8.25% 01/20/34",0.16,2026-06-30
FCAB,,"UMBS 15YR 5% 07/41 #TBA",0.16,2026-06-30
FCAB,,"HTA GROUP LTD/M 7.5% 6/29 144A",0.15,2026-06-30
FCAB,,"BANCOSAN 6.921% 08/08/33",0.15,2026-06-30
FCAB,,"EGYPT GOVT 8.625% 2/4/30 144A",0.15,2026-06-30
FCAB,,"ECUADOR GOVT STEP 7/31/40 144A",0.15,2026-06-30
FCAB,,"BGC GROUP INC 8% 05/25/28",0.15,2026-06-30
FCAB,,"GENMAB A/S/GE 6.25% 11/32 144A",0.14,2026-06-30
FCAB,,"HA SUSTAINABLE 6.15% 01/15/31",0.14,2026-06-30
FCAB,,"SOCGEN 7.125%/VAR PERP 144A",0.14,2026-06-30
FCAB,,"SCHWAB CHARLES 6.1%/VAR PERP",0.14,2026-06-30
FCAB,,"BOA CORP FRN SOFR+135 09/15/27",0.14,2026-06-30
FCAB,,"AMERICAN NT 4.875% 01/31 144A",0.14,2026-06-30
FCAB,,"BNPSA 7.2%/VAR PERP 144A",0.14,2026-06-30
FCAB,,"ANGOLA REP 9.244% 1/15/31 144A",0.14,2026-06-30
FCAB,,"FMG RES A 5.875% 04/15/30 144A",0.13,2026-06-30
FCAB,,"TRINIDAD &TOBA 6.5% 1/36 144A",0.13,2026-06-30
FCAB,,"FORD MOTOR CRED 7.35% 11/04/27",0.13,2026-06-30
FCAB,,"AON CORP 8.205% 01/01/27",0.13,2026-06-30
FCAB,,"IQVIA INC 5.7% 05/15/28",0.13,2026-06-30
FCAB,,"FORD MOTOR CRED 6.467% 5/22/36",0.13,2026-06-30
FCAB,,"AES CORP 5.45% 06/01/28",0.13,2026-06-30
FCAB,,"KENNAMETAL INC 5.8% 05/28/36",0.13,2026-06-30
FCAB,,"HA SUSTAINABLE 5.95% 7/33 144A",0.13,2026-06-30
FCAB,,"POLARIS INC 5.6% 03/01/31",0.13,2026-06-30
FCAB,,"MSD INVESTMEN 6.375% 6/29 144A",0.13,2026-06-30
FCAB,,"NEXTERA ENER CA 6%/VAR 10/1/56",0.13,2026-06-30
FCAB,,"JACKSON FIN 6.15% 01/15/37",0.13,2026-06-30
FCAB,,"TURKEY REP 6.375% 05/22/31",0.13,2026-06-30
FCAB,,"SOUTH BOW USA 5.584% 10/01/34",0.13,2026-06-30
FCAB,,"GENERAL MTR FIN 5.45% 01/08/36",0.13,2026-06-30
FCAB,,"BROOKLYN UNION 5.4% 03/36 144A",0.13,2026-06-30
FCAB,,"AEGON FDG CO LL 5.625% 5/7/36",0.13,2026-06-30
FCAB,,"AMERICAN ELECTR 6.05%/VAR 3/56",0.13,2026-06-30
FCAB,,"WEC ENERGY GRP 5.625%/VAR 5/56",0.13,2026-06-30
FCAB,,"NEXSTAR MEDIA 6.5% 9/33 144A",0.13,2026-06-30
FCAB,,"JACOBS SOLUTION 4.75% 03/03/31",0.13,2026-06-30
FCAB,,"CITIZENS FIN 5.299%/VAR 1/36",0.13,2026-06-30
FCAB,,"EXPEDIA GRP INC 5.5% 04/15/36",0.13,2026-06-30
FCAB,,"DEVT BK OF MONG 6.9% 7/31 144A",0.13,2026-06-30
FCAB,,"JORDAN 5.75% 11/12/32 144A",0.13,2026-06-30
FCAB,,"EF HOLDCO 7.375% 9/30/30 144A",0.13,2026-06-30
FCAB,,"UMBS 30YR 3% 07/56 #TBA",0.13,2026-06-30
FCAB,,"XCEL ENERGY 5.75%/VAR 12/03/56",0.13,2026-06-30
FCAB,,"MINERAL RES 9.25% 10/28 144A",0.13,2026-06-30
FCAB,,"SYNCHRONY FINAN VAR 02/25/32",0.13,2026-06-30
FCAB,,"FEDEX FREIGHT 5.25% 3/36 144A",0.13,2026-06-30
FCAB,,"SPACE EXPL 6.63% 07/15/56 144A",0.13,2026-06-30
FCAB,,"NUFARM AU/AM 5% 01/27/30 144A",0.12,2026-06-30
FCAB,,"SFR TERM B14 1LN 5/31/31",0.12,2026-06-30
FCAB,,"UZBEKNEFTEGAZ 8.75% 5/30 144A",0.12,2026-06-30
FCAB,,"PEMEX 7.69% 01/23/50",0.12,2026-06-30
FCAB,,"SPIRE INC 6.25%/VAR 06/01/56",0.12,2026-06-30
FCAB,,"VIKING 5.875% 10/15/33 144A",0.12,2026-06-30
FCAB,,"VALERO ENRGY 6.625% 06/15/37",0.12,2026-06-30
FCAB,,"NATWEST GRP 6.475%/VAR 06/34",0.12,2026-06-30
FCAB,,"AMERICAN ELEC 3.875%/VAR 02/62",0.12,2026-06-30
FCAB,,"GNII II 4.5% 07/56 #TBA",0.12,2026-06-30
FCAB,,"ANGOLA REP 8% 11/26/29 144A",0.11,2026-06-30
FCAB,,"AERCAP IRELAND 6.5%/VAR 1/56",0.11,2026-06-30
FCAB,,"FIN DPT SHARJ 6.125% 3/36 144A",0.11,2026-06-30
FCAB,,"MAIN STR CAP CO 5.4% 08/15/28",0.11,2026-06-30
FCAB,,"BELRON UK 5.75% 10/15/29 144A",0.11,2026-06-30
FCAB,,"ENTERPRISE PRD 5.25%/VAR 8/77",0.11,2026-06-30
FCAB,,"DEUTSCHE TEL FI VAR 06/15/30",0.11,2026-06-30
FCAB,,"RAKUTEN GROUP 11.25% 2/27 144A",0.11,2026-06-30
FCAB,,"GUATEMALA GOVT 6.6% 6/36 144A",0.11,2026-06-30
FCAB,,"FORD MOTOR CRED 7.35% 03/06/30",0.11,2026-06-30
FCAB,,"TGS ASA 8.5% 01/15/30 144A",0.11,2026-06-30
FCAB,,"BARCLAYSPLC 5.088%/VAR 6/20/30",0.11,2026-06-30
FCAB,,"FIBERCOP SPA 7.721% 6/38 144A",0.11,2026-06-30
FCAB,,"USTN TII .125% 02/15/52",0.11,2026-06-30
FCAB,,"TOPAZ SOLAR FA 5.75% 9/39 144A",0.11,2026-06-30
FCAB,,"SANTANDER UK 6.534%/VAR 01/29",0.11,2026-06-30
FCAB,,"SYNCHRONY FINAN VAR 08/02/30",0.11,2026-06-30
FCAB,,"DOMINICAN REP 6% 07/19/28 144A",0.10,2026-06-30
FCAB,,"SEMPRA 6.625%/VAR 04/01/55",0.10,2026-06-30
FCAB,,"WEBSTER FINL 5.784%/VAR 9/35",0.10,2026-06-30
FCAB,,"MAREX GROUP PLC 5.829% 5/8/28",0.10,2026-06-30
FCAB,,"VISTRA OPERAT 5.25% 10/35 144A",0.10,2026-06-30
FCAB,,"FORD MOTOR 7.45% 07/16/31",0.10,2026-06-30
FCAB,,"VISTRA OPERATIO 4.7% 1/31 144A",0.10,2026-06-30
FCAB,,"SIERRA PACIFIC 6.2%/VAR 12/55",0.10,2026-06-30
FCAB,,"DBSW 7.079%/VAR 02/10/34",0.10,2026-06-30
FCAB,,"AFFILIATED MANA 5.5% 02/15/36",0.10,2026-06-30
FCAB,,"APPLOVIN CORP 5.125% 12/01/29",0.10,2026-06-30
FCAB,,"BAT CAP CORP 7.75% 10/19/32",0.10,2026-06-30
FCAB,,"MILLICOM INTL 6.25% 3/29 144A",0.10,2026-06-30
FCAB,,"GNII II 2.5% 07/56 #TBA",0.09,2026-06-30
FCAB,,"US BANCORP DEL 6.8% 10/26/27",0.09,2026-06-30
FCAB,,"ARCELORMITTA VAR 10/15/39",0.09,2026-06-30
FCAB,,"SOUTH AFRICA 7.95% 11/54 144A",0.09,2026-06-30
FCAB,,"PIEDMONT OPER 9.25% 07/20/28",0.09,2026-06-30
FCAB,,"COSTA RICA GOV 6.55% 4/34 144A",0.09,2026-06-30
FCAB,,"WELLSFARGO FRN SOFR+107 4/28",0.09,2026-06-30
FCAB,,"BOSTON PPTY LTD 6.5% 01/15/34",0.09,2026-06-30
FCAB,,"UNICREDIT SP 7.296%/VAR 4/2/34",0.09,2026-06-30
FCAB,,"POLARIS INC 6.95% 03/15/29",0.09,2026-06-30
FCAB,,"HF SINCLAIR COR 5.5% 09/01/32",0.09,2026-06-30
FCAB,,"ADIENT GLOBAL 8.25% 4/31 144A",0.09,2026-06-30
FCAB,,"ITHACA ENERG 8.125% 10/29 144A",0.09,2026-06-30
FCAB,,"MINERAL RES LTD 8.5% 5/30 144A",0.09,2026-06-30
FCAB,,"FANNIEMAE 30YR 5.5% 01/55#FA04",0.09,2026-06-30
FCAB,,"HUNGARIAN DEVEL 6.5% 6/28 RGS",0.09,2026-06-30
FCAB,,"ENACT HOLDINGS 6.25% 05/28/29",0.09,2026-06-30
FCAB,,"MILLICOM INTL 7.375% 4/32 144A",0.09,2026-06-30
FCAB,,"SANTANDER HLDG 6.499%/VAR 3/29",0.09,2026-06-30
FCAB,,"TURKEY REP 7.125% 02/12/32",0.09,2026-06-30
FCAB,,"EVERGY INC 6.65%/VAR 06/01/55",0.09,2026-06-30
FCAB,,"ANGOLA REP 9.375% 3/31/33 144A",0.09,2026-06-30
FCAB,,"STANDARD CHAR 7%/VAR PERP 144A",0.09,2026-06-30
FCAB,,"SEAGATE DATA ST 5.875% 7/15/30",0.09,2026-06-30
FCAB,,"NEXTERA ENERGY CAP VAR 10/66",0.09,2026-06-30
FCAB,,"EGYPT GOVT 7.625% 5/20/34 144A",0.09,2026-06-30
FCAB,,"BRAZIL GOVT 6% 10/20/33",0.09,2026-06-30
FCAB,,"HSBC HLD PLC VAR PERP",0.09,2026-06-30
FCAB,,"FORD MOTOR CRED 5.73% 09/05/30",0.09,2026-06-30
FCAB,,"ROMANIA GOVT 5.75% 9/30 144A",0.09,2026-06-30
FCAB,,"TURKEY REP 6.95% 09/16/35",0.09,2026-06-30
FCAB,,"DOMINION ENERGY 6.2%/VAR 2/56",0.09,2026-06-30
FCAB,,"DOMINION ENERG 6.15%/VAR 12/56",0.09,2026-06-30
FCAB,,"ENTERGY COR NEW 6.1%/VAR 6/56",0.09,2026-06-30
FCAB,,"JPMC CO FRN SOFR+76.5 09/22/27",0.09,2026-06-30
FCAB,,"LAS VEGAS SAN 5.65% 05/18/33",0.09,2026-06-30
FCAB,,"MAPLE PARENT H 5.05% 3/31 144A",0.09,2026-06-30
FCAB,,"NISOURCE INC 5.75%/VAR 7/15/56",0.08,2026-06-30
FCAB,,"UST BILLS 0% 07/23/26",0.08,2026-06-30
FCAB,,"HAZINE MUSTESAR 6.7% 7/32 144A",0.08,2026-06-30
FCAB,,"SANTANDER HLDGS 5.22%/VAR 6/32",0.08,2026-06-30
FCAB,,"VIPER ENERGY PT 4.9% 08/01/30",0.08,2026-06-30
FCAB,,"INTEL 6.2% 05/15/66",0.08,2026-06-30
FCAB,,"BOA CORP 5.489%/VAR 04/23/37",0.08,2026-06-30
FCAB,,"AMERICAN ELECTR 5.8%/VAR 3/56",0.08,2026-06-30
FCAB,,"KENYA GOVT 8.7% 02/26/39 144A",0.08,2026-06-30
FCAB,,"FORD MOTOR CRED 5.42% 04/09/31",0.08,2026-06-30
FCAB,,"JAGUAR LD ROV 4.5% 10/27 144A",0.08,2026-06-30
FCAB,,"BAHRAIN GOVT 7.125% 6/36 144A",0.08,2026-06-30
FCAB,,"WESTERN GAS PAR 5.5% 12/15/35",0.08,2026-06-30
FCAB,,"UMBS 15YR 4.5% 07/41 #TBA",0.08,2026-06-30
FCAB,,"HYUNDAI CAP 4.25% 1/08/29 144A",0.08,2026-06-30
FCAB,,"FLEX LTD 5.375% 11/13/35",0.08,2026-06-30
FCAB,,"SOCGEN 5.439%/VAR 10/3/36 144A",0.08,2026-06-30
FCAB,,"MEXICO GOVT 5.625% 02/09/34",0.08,2026-06-30
FCAB,,"PNC FINCL 4.626%/VAR 06/06/33",0.08,2026-06-30
FCAB,,"BAHRAIN GOVT 7.1% 2/3/38 144A",0.08,2026-06-30
FCAB,,"RLI CORP 5.375% 06/01/36",0.08,2026-06-30
FCAB,,"AVOLON HLDG FD 4.85% 4/33 144A",0.08,2026-06-30
FCAB,,"ARES CAP CORP 5.1% 01/15/31",0.08,2026-06-30
FCAB,,"GENERAL MTRS CO 6.6% 04/01/36",0.08,2026-06-30
FCAB,,"HOST HOTELS & 3.375% 12/15/29",0.08,2026-06-30
FCAB,,"UMBS 15YR 3.5% 07/41 #TBA",0.08,2026-06-30
FCAB,,"SIRIUSPOINT LTD 7% 04/05/29",0.08,2026-06-30
FCAB,,"ZEGONA FI 8.625% 07/15/29 144A",0.08,2026-06-30
FCAB,,"BAHRAIN GOVT 5.625% 5/34 144A",0.08,2026-06-30
FCAB,,"GENERAL MTRS CO 5.35% 04/15/28",0.08,2026-06-30
FCAB,,"SYNCHRONY FINAN 5.45%/VAR 3/31",0.08,2026-06-30
FCAB,,"FORVIA 6.75% 09/15/33 144A",0.07,2026-06-30
FCAB,,"BARCLAYSPLC 7.119%/VAR 6/27/34",0.07,2026-06-30
FCAB,,"MEXICO GOVT 6.25% 08/27/37",0.07,2026-06-30
FCAB,,"AMERICAN ELECTR T5Y+2.75 12/54",0.07,2026-06-30
FCAB,,"LPL HLDG INC 6.75% 11/17/28",0.07,2026-06-30
FCAB,,"TRANSNET LTD 8.25% 2/6/28 144A",0.07,2026-06-30
FCAB,,"BAHRAIN GOVT 7.75% 4/35 144A",0.07,2026-06-30
FCAB,,"NCL CORP LTD 6.25% 9/33 144A",0.07,2026-06-30
FCAB,,"ESSENT GROUP LT 6.25% 07/01/29",0.07,2026-06-30
FCAB,,"HUNGARY GOVT 6.125% 5/28 144A",0.07,2026-06-30
FCAB,,"CIMPRESS PLC 7.375% 9/32 144A",0.07,2026-06-30
FCAB,,"WEIR GRP INC 5.35% 5/6/30 144A",0.07,2026-06-30
FCAB,,"BRAZIL GOVT 7.125% 05/13/54",0.07,2026-06-30
FCAB,,"ARGENTINA GOVT STEP 01/09/38",0.07,2026-06-30
FCAB,,"COMISION FED 6.45% 1/35 144A",0.07,2026-06-30
FCAB,,"SYNCHRONY BANK 5.625% 08/23/27",0.07,2026-06-30
FCAB,,"AMERICAN NT 4.625% 12/28 144A",0.07,2026-06-30
FCAB,,"MEXICO GOVT 5.375% 03/22/33",0.07,2026-06-30
FCAB,,"CONGO DEMOCRAT 8.75% 4/32 144A",0.06,2026-06-30
FCAB,,"BAHRAIN GOVT 6.625% 10/37 144A",0.06,2026-06-30
FCAB,,"BOA CORP 6.25%/VAR PERP",0.06,2026-06-30
FCAB,,"ENSTAR GROU T5Y+ 04/01/45 144A",0.06,2026-06-30
FCAB,,"UBS GROUP AG VAR PERP 144A",0.06,2026-06-30
FCAB,,"INDONESIA GOVT 8.5% 10/35 144A",0.06,2026-06-30
FCAB,,"CARNIVAL CORP 5.75% 8/32 144A",0.06,2026-06-30
FCAB,,"ASPEN INSURANCE 5.75% 07/01/30",0.06,2026-06-30
FCAB,,"UMBS 30YR 6% 07/56 #TBA",0.06,2026-06-30
FCAB,,"DBSW 5.297%/VAR 05/09/31",0.06,2026-06-30
FCAB,,"MILLICOM INTL 4.5% 4/31 144A",0.06,2026-06-30
FCAB,,"OMEGA HEALTHCA 5.2% 07/01/30",0.06,2026-06-30
FCAB,,"UKRAINE GOVT STEP 2/1/34 144A",0.06,2026-06-30
FCAB,,"EGYPT GOVT 7.5% 02/16/61 144A",0.06,2026-06-30
FCAB,,"ANGOLA REP 9.875% 3/31/37 144A",0.06,2026-06-30
FCAB,,"ALLY FINL INC 8% 11/01/31",0.06,2026-06-30
FCAB,,"PAKISTAN GOVT 7.375% 4/31 144A",0.05,2026-06-30
FCAB,,"WESTPAC BANKING 6.82% 11/17/33",0.05,2026-06-30
FCAB,,"ING GROEP NV 7%/VAR PERP",0.05,2026-06-30
FCAB,,"FOX CORP 6.5% 10/13/33",0.05,2026-06-30
FCAB,,"SUMISHO AIR LEA 5.5% 3/36 144A",0.05,2026-06-30
FCAB,,"BANK NEW YORK 6.3%/VAR PERP",0.05,2026-06-30
FCAB,,"SANTANDER 5.741%/VAR 03/31",0.05,2026-06-30
FCAB,,"ALUMINA LTD 6.375% 9/32 144A",0.05,2026-06-30
FCAB,,"MAGYAR EX BK 6.125% 12/27 144A",0.05,2026-06-30
FCAB,,"FHLG 30YR 4.5% 08/53#SD8347",0.05,2026-06-30
FCAB,,"KENYA GOVT 7.875% 10/9/33 144A",0.05,2026-06-30
FCAB,,"KSA SUKUK LTD 5.25% 6/27 144A",0.05,2026-06-30
FCAB,,"SEMPRA 4.125%/VAR 04/01/52",0.05,2026-06-30
FCAB,,"HA SUSTAINABLE 6% 03/15/36",0.05,2026-06-30
FCAB,,"AFRICAN DEV BK VAR PERP",0.05,2026-06-30
FCAB,,"SPACE EXPL 5.61% 07/15/33 144A",0.05,2026-06-30
FCAB,,"TURKEY REP 6.3% 03/14/33",0.05,2026-06-30
FCAB,,"BOA CORP 3.846%/VAR 03/08/37",0.05,2026-06-30
FCAB,,"CITY FOOTBALL GP TM B 1L 07/30",0.04,2026-06-30
FCAB,,"OVINTIV INC 6.5% 08/15/34",0.04,2026-06-30
FCAB,,"CORPORACION 6.44% 1/26/36 144A",0.04,2026-06-30
FCAB,,"BANC CHILE 7.95%/VAR PERP 144A",0.04,2026-06-30
FCAB,,"MEXICO GOVT 6.75% 09/27/34",0.04,2026-06-30
FCAB,,"TD SYNNEX CORP 6.1% 04/12/34",0.04,2026-06-30
FCAB,,"BGC GROUP INC 6.6% 06/10/29",0.04,2026-06-30
FCAB,,"LLOYD BK GRP 6.068%/VAR 6/36",0.04,2026-06-30
FCAB,,"AGCO CORP 5.8% 03/21/34",0.04,2026-06-30
FCAB,,"UMBS 30YR 6% 08/56 #TBA",0.04,2026-06-30
FCAB,,"MEXICO GOVT 5.85% 07/02/32",0.04,2026-06-30
FCAB,,"HSBC HLD PLC 5.24%/VAR 5/13/31",0.04,2026-06-30
FCAB,,"NEVADA POWER CO 6.25%/VAR 5/55",0.04,2026-06-30
FCAB,,"FIRST CITIZENS 5.097%/VAR 7/29",0.04,2026-06-30
FCAB,,"VICI PROPERTIE 5.625% 04/01/35",0.04,2026-06-30
FCAB,,"JBS NV/JBS USA 5.5% 01/15/36",0.04,2026-06-30
FCAB,,"NEXTERA ENER CA 5.65%/VAR 5/79",0.04,2026-06-30
FCAB,,"WILLIAMS COS 5.3% 09/30/35",0.04,2026-06-30
FCAB,,"BRAZIL GOVT 6.25% 05/22/36",0.04,2026-06-30
FCAB,,"FNMA 30YR 5% 10/53#FS7279",0.04,2026-06-30
FCAB,,"TURKIYE 6.375% 10/03/30 144A",0.04,2026-06-30
FCAB,,"AERCAP IRELAND 4.75% 01/15/33",0.04,2026-06-30
FCAB,,"REP OF ARMENIA 6.75% 3/35 144A",0.04,2026-06-30
FCAB,,"CARNIVAL CORP 5.125% 5/29 144A",0.04,2026-06-30
FCAB,,"COLOMBIA GOVT 6.125% 01/18/41",0.04,2026-06-30
FCAB,,"GNMA II 3.5% 10/54#MA9961",0.04,2026-06-30
FCAB,,"UKRAINE GOVT STEP 2/1/34 144A (2nd)",0.04,2026-06-30
FCAB,,"GNII II 3.5% 07/56 #TBA",0.04,2026-06-30
FCAB,,"UMBS 15YR 1.5% 07/41 #TBA",0.04,2026-06-30
FCAB,,"IVORY COAST 8.25% 1/30/37 144A",0.03,2026-06-30
FCAB,,"IVORY COAST 8.075% 4/1/36 144A",0.03,2026-06-30
FCAB,,"KENYA GOVT 9.75% 02/16/31 144A",0.03,2026-06-30
FCAB,,"PANAMA GOVT 6.853% 03/28/54",0.03,2026-06-30
FCAB,,"PARAGUAY GOVT 6.65% 3/55 144A",0.03,2026-06-30
FCAB,,"BENIN GOVT 7.96% 02/13/38 144A",0.03,2026-06-30
FCAB,,"BARCLAYSPLC 7.625%/VAR PERP",0.03,2026-06-30
FCAB,,"TC ZIRAA 8.9941%/VAR 8/34 144A",0.03,2026-06-30
FCAB,,"SANTANDER HLDG 6.279% 06/12/29",0.03,2026-06-30
FCAB,,"LAS VEGAS SAN 6.2% 08/15/34",0.03,2026-06-30
FCAB,,"ASSOCIATED BA 6.455%/VAR 08/30",0.03,2026-06-30
FCAB,,"GNII II 2% 07/56 #TBA",0.03,2026-06-30
FCAB,,"JAZZ PHARMA TM B2 1LN 05/28",0.03,2026-06-30
FCAB,,"UTD AIR 20-1 A 5.875% 04/15/29",0.03,2026-06-30
FCAB,,"BGC GROUP INC 6.15% 04/02/30",0.03,2026-06-30
FCAB,,"NAVOIYURAN STAT 6.7% 7/30 144A",0.03,2026-06-30
FCAB,,"TSKB 7.375% 07/02/30 144A",0.03,2026-06-30
FCAB,,"ARDAGH METAL PA 0% 01/31 144A",0.03,2026-06-30
FCAB,,"CNAC HK FIN 5.125% 3/14/28 RGS",0.03,2026-06-30
FCAB,,"BRAZIL GOVT 5.5% 11/06/30",0.03,2026-06-30
FCAB,,"PERUSAHAAN MTN 5.45% 5/28 144A",0.03,2026-06-30
FCAB,,"FLUTTER ENTERTA TM B 1LN 11/30",0.03,2026-06-30
FCAB,,"EGYPT GOVT 7.0529% 1/32 144A",0.03,2026-06-30
FCAB,,"BANK HAPOALIM 5.252% 1/33 144A",0.03,2026-06-30
FCAB,,"STANDAR 4.299/VAR 1/13/30 144A",0.03,2026-06-30
FCAB,,"TURKIYE IHRACAT 0% 01/31 144A",0.03,2026-06-30
FCAB,,"CONSOLIDATED EN TM B 1LN 11/30",0.03,2026-06-30
FCAB,,"GLOBAL PAYMENTS 4.5% 11/15/28",0.03,2026-06-30
FCAB,,"GENMAB TERM B 1LN 12/32",0.03,2026-06-30
FCAB,,"MINERAL RES LTD 6% 5/1/32 144A",0.03,2026-06-30
FCAB,,"MEXICO CITY AIR 5.5% 7/47 144A",0.03,2026-06-30
FCAB,,"AEROPUERT 5.125% 08/11/61 144A",0.03,2026-06-30
FCAB,,"SRI LANKA GOVT STEP 6/35 144A",0.03,2026-06-30
FCAB,,"TURKEY REP 5.75% 05/11/47",0.02,2026-06-30
FCAB,,"ACCELYA TERM B 1LN 10/1/32",0.02,2026-06-30
FCAB,,"FHLG 30YR 6% 11/54#SD8476",0.02,2026-06-30
FCAB,,"NORD ANGLIA EDU TM B 1LN 1/32",0.02,2026-06-30
FCAB,,"NIGERIA GOVT 8.25% 9/51 144A",0.02,2026-06-30
FCAB,,"ESKOM HLDGS LT 6.35% 8/28 144A",0.02,2026-06-30
FCAB,,"WELLSFARGO 5.707%/VAR 04/22/28",0.02,2026-06-30
FCAB,,"FHLG 30YR 6% 08/53#SD8350",0.02,2026-06-30
FCAB,,"ANGOLA REP 9.375% 5/8/48 144A",0.02,2026-06-30
FCAB,,"PETROLEOS PERU 5.625% 6/47 RGS",0.02,2026-06-30
FCAB,,"ENTAIN TERM B5 1LN 07/31/32",0.02,2026-06-30
FCAB,,"JAMAICA GOVT 8% 03/15/39",0.02,2026-06-30
FCAB,,"NOURYON TERM B-1 1LN 04/03/28",0.01,2026-06-30
FCAB,,"OMAN SULTANATE 6.75% 1/48 144A",0.01,2026-06-30
FCAB,,"PANAMA GOVT 6.7% 01/26/36",0.01,2026-06-30
FCAB,,"PUGET ENERGY IN 5.725% 3/15/35",0.01,2026-06-30
FCAB,,"SENEGAL 6.75% 03/13/48 144A",0.01,2026-06-30
FCAB,,"MASTEC INC 5.9% 06/15/29",0.01,2026-06-30
FCAB,,"CIMIC FINANCE 6% 04/22/36 144A",0.01,2026-06-30
FCAB,,"SOUTH AFRICA 6.25% 03/08/41",0.01,2026-06-30
FCAB,,"AES CORP 5.75% 07/15/33",0.01,2026-06-30
FCAB,,"HUT 8 DC LLC 6.192% 11/42 144A",0.01,2026-06-30
FCAB,,"GHANA GOVT STEP 07/03/35 144A",0.01,2026-06-30
FCAB,,"USTB 2.25% 02/15/52",0.01,2026-06-30
FCAB,,"FLUTTER ENTERTA TM B 1LN 06/32",0.01,2026-06-30
FCAB,,"AMERICAN AIRLIN TM B 1LN 05/32",0.01,2026-06-30
FCAB,,"AADVANTAGE TM B 1LN 4/20/28",0.01,2026-06-30
FCAB,,"KLOECKNER EXT 1LN 1/30/31",0.01,2026-06-30
FCAB,,"ENTAIN TERM B6 1LN 10/31/2029",0.01,2026-06-30
FCAB,,"NOURYON TERM B-2 1LN 04/03/28",0.01,2026-06-30
FCAB,,"ESDEC SOLAR TERM B 1LN 08/28",0.01,2026-06-30
FCAB,,"CONSOLIDATED E TM 1LN 11/15/30",0.01,2026-06-30
FCAB,,"LEBANON REP 6.65% 02/26/30 RGS",0.01,2026-06-30
FCAB,,"NATL HEALTH INV 5.35% 02/01/33",0.01,2026-06-30
FCAB,,"LGC GROUP TM B 1LN 01/31/2030",0.01,2026-06-30
FCAB,,"CLARIOS GLOBAL 6.75% 5/28 144A",0.01,2026-06-30
FCAB,,"BETCLIC TERM B 1LN 12/10/31",0.01,2026-06-30
FCAB,,"NORD SECURITY TM B 1LN 10/8/32",0.01,2026-06-30
FCAB,,"MAREX GROUP PLC 6.404% 11/4/29",0.00,2026-06-30
FCAB,,"MSTDW 5.656%/VAR 04/18/30",0.00,2026-06-30
FCAB,,"CAPITAL ONE 7.149%/VAR 10/27",0.00,2026-06-30
FCAB,,"SOCALED 4.875% 02/01/27",0.00,2026-06-30
FCAB,,"AHLSTROM-MUNK TM 1LN 02/04/28",0.00,2026-06-30
FCAB,,"ALTICE FRANCE 6.5% 4/32 144A",0.00,2026-06-30
FCAB,,"PLS GROUP LI 6.875% 05/31 144A",0.00,2026-06-30
FCAB,,"ZAMBIA GOVT STEP 06/30/33 144A",0.00,2026-06-30
FCAB,,"ALTICE FRANCE 6.5% 10/31 144A",0.00,2026-06-30
FCAB,,"MEDLINE BORROW 6.25% 4/29 144A",0.00,2026-06-30
FCAB,,"ALTICE FRANCE 6.875% 10/15/30",0.00,2026-06-30
FCAB,,"SAND 2024-1A D2R 8.615% 04/37",0.00,2026-06-30
FCAB,,"CIFC 25-3A E TSFR3M+725 07/38",0.00,2026-06-30
FCAB,,"CIFC 21-5A CR TSFR3M+180 01/38",0.00,2026-06-30
FCAB,,"FCBSL 26-1A C1 TSFR3M+190 04/3",0.00,2026-06-30
FCAB,,"BRTPT 25-8A D1 TSFR3M+285 3/38",0.00,2026-06-30
FCAB,,"OCP 25-47A D1A TSFR3M+260 1/38",0.00,2026-06-30
FCAB,,"DCLO 2023-5A BR TSFR3M180 1/39",0.00,2026-06-30
FCAB,,"C4US 26-5A D1 TSFR3M+295 07/38",0.00,2026-06-30
FCAB,,"G 26-21AR DJR TSFR3M+400 10/39",0.00,2026-06-30
FCAB,,"USCLN 26-SUPL1 E VAR 06/33",0.00,2026-06-30
FCAB,,"REG36 26-1A D2 8.5% 04/39",0.00,2026-06-30
FCAB,,"AES CORP 5.2% 07/15/29",0.00,2026-06-30
FCAB,,"FLAT 25-30A E TSFR3M+525 04/38",0.00,2026-06-30
FCAB,,"OCP 24-14A ER TSFR3M+655 07/37",0.00,2026-06-30
FCAB,,"APID 25-53A E TSFR3M+675 07/38",0.00,2026-06-30
FCAB,,"BGCL 25-12A D1 TSFR3M+275 4/38",0.00,2026-06-30
FCAB,,"BOBA 25-1A D2 TSFR3M+415 07/38",0.00,2026-06-30
FCAB,,"GCM 26-1A E TSFR3M+550 07/39",0.00,2026-06-30
FCAB,,"FLAT 25-30A D2 TSFR3M+410 4/38",0.00,2026-06-30
FCAB,,"BBAM 25-1A D1R VAR 03/38",0.00,2026-06-30
FCAB,,"MIDO 24-16A E TSFR3M+625 10/37",0.00,2026-06-30
FCAB,,"MAG 24-29A ER TSFR3M+600 07/37",0.00,2026-06-30
FCAB,,"ALLY FINL INC 5.737%/VAR 5/29",0.00,2026-06-30
FCAB,,"GNRT 25-19A E TSFR3M+600 04/36",0.00,2026-06-30
FCAB,,"PLMRS 2A DR2 TSFR3M+414 4/38",0.00,2026-06-30
FCAB,,"CIFC 18-4A D2R TSFR3M+375 1/38",0.00,2026-06-30
FCAB,,"VICI PPTY LP 4.625% 12/29 144A",0.00,2026-06-30
FCAB,,"HEUBACH GROUP TERM B 1LN 1/29",0.00,2026-06-30
FCAB,,Expand Energy Corporation,0.06,2026-06-30
FCAB,,ACNR Holdings,0.04,2026-06-30
FCAB,,California Resources Corporation,0.03,2026-06-30
FCAB,,"New Cineworld Midco Ltd.",0.02,2026-06-30
FCAB,,Exxon Mobil,0.02,2026-06-30
FCAB,,"FUSION PARENT LLC CLASS A",0.01,2026-06-30
FCAB,,"LUXCO 3",0.00,2026-06-30
FCAB,,Strategy Inc.,0.00,2026-06-30
FCAB,,GTT COMMUNICATIONS INC,0.00,2026-06-30
FCAB,,CEC Entertainment,0.00,2026-06-30
FCAB,,KLOECKNER PENTAPLAST OF AMERIC,0.00,2026-06-30
FCAB,,TRAVELPORT EQUITY LINE,0.00,2026-06-30
FCAB,,WHITE IRIS LLC,0.00,2026-06-30
FCAB,,EXPAND ENERGY CORP PIPE,0.00,2026-06-30
FCAB,,NEW FORTRESS ENERGY INC,0.00,2026-06-30
FCAB,,CARNELIAN POINT HOLDINGS LP WT,0.00,2026-06-30
FCAB,,DSG TOPCO,0.00,2026-06-30
FCAB,,JOANN INC,0.00,2026-06-30
FCAB,,"FG PARENT, LLC CLASS A",0.00,2026-06-30
FCAB,,"JUICE PLUS ( 2 YEAR LOCK UP)",0.00,2026-06-30
FCAB,,"HARROW INC 8.625% 9/15/30 144A",0.51,2026-06-30
FCAB,,"MATIV HOLDINGS 8% 10/1/29 144A",0.43,2026-06-30
FCAB,,"COREWEAVE INC 9.25% 6/30 144A",0.41,2026-06-30
FCAB,,"RESORTS WORLD 8.45% 7/30 144A",0.40,2026-06-30
FCAB,,"ATLANTICUS HOLD 0% 8/30 144A",0.40,2026-06-30
FCAB,,"MILLROSE REIT 6.375% 8/30 144A",0.40,2026-06-30
FCAB,,"NEW FLYER 9.25% 07/01/30 144A",0.38,2026-06-30
FCAB,,"PARK OHIO INDS 8.5% 8/30 144A",0.37,2026-06-30
FCAB,,"BRISTOW GRP INC 0% 1/33 144A",0.36,2026-06-30
FCAB,,"MOSS CREEK RE 8.25% 9/31 144A",0.36,2026-06-30
FCAB,,"ICAHN LP/FN 10% 11/15/29 144A",0.35,2026-06-30
FCAB,,"NOVELIS CORP 6.875% 1/30 144A",0.35,2026-06-30
FCAB,,"DOTDASH ME 7.625% 6/15/32 144A",0.33,2026-06-30
FCAB,,"BASS PRO TERM B 1LN 01/23/32",0.33,2026-06-30
FCAB,,"ENERFLEX INC 6.875% 1/31 144A",0.33,2026-06-30
FCAB,,"REALOGY GRP 9.75% 4/15/30 144A",0.31,2026-06-30
FCAB,,"WAYFAIR LLC 7.75% 9/15/30 144A",0.30,2026-06-30
FCAB,,"RAIN CARB 12.25% 09/01/29 144A",0.30,2026-06-30
FCAB,,"ALLISON TRANSM 3.75% 1/31 144A",0.30,2026-06-30
FCAB,,"IRON MTN INC 6.25% 1/35 144A",0.29,2026-06-30
FCAB,,"MAUSER PAC 7.875% 4/15/30 144A",0.29,2026-06-30
FCAB,,"WABASH NAT 4.5% 10/15/28 144A",0.29,2026-06-30
FCAB,,"APLD COMPUTE 7% 6/15/31 144A",0.29,2026-06-30
FCAB,,"ENOVA INT 11.25% 12/15/28 144A",0.29,2026-06-30
FCAB,,"FERRELLGAS 9.25% 01/15/31 144A",0.28,2026-06-30
FCAB,,"TRANSDIGM IN 7.125% 12/31 144A",0.27,2026-06-30
FCAB,,"PARAMOUNT GLOBA 6.875% 4/30/36",0.27,2026-06-30
FCAB,,"VENTURE 9.875% 02/01/32 144A",0.27,2026-06-30
FCAB,,"GARRETT MOTIO 7.75% 5/32 144A",0.27,2026-06-30
FCAB,,"LIVE NATION INC 6.5% 5/27 144A",0.27,2026-06-30
FCAB,,"EDISON INTL 8.125%/VAR 6/15/53",0.26,2026-06-30
FCAB,,"TRANSDIGM INC 6.375% 5/33 144A",0.26,2026-06-30
FCAB,,"PERIMETER HOLD 6.25% 1/34 144A",0.26,2026-06-30
FCAB,,"APLD COMPUTEC 9.25% 12/30 144A",0.25,2026-06-30
FCAB,,"WS ESCROW LLC 7.75% 6/33 144A",0.25,2026-06-30
FCAB,,"TRANSDIGM INC 6.75% 8/28 144A",0.25,2026-06-30
FCAB,,"GFL ENVIRON HOL 5.5% 2/34 144A",0.25,2026-06-30
FCAB,,"EMERGENT BIOS 3.875% 8/28 144A",0.24,2026-06-30
FCAB,,"AMERIGAS PTR 6.875% 5/31 144A",0.24,2026-06-30
FCAB,,"GCI LLC 4.75% 10/15/28 144A",0.24,2026-06-30
FCAB,,"KAROON USA FINA 10.5% 05/14/29",0.24,2026-06-30
FCAB,,"CVR PART 6.125% 06/15/28 144A",0.23,2026-06-30
FCAB,,"GLP CAP LP / GL 6.75% 12/01/33",0.23,2026-06-30
FCAB,,"HLF FING SARL 7.75% 5/33 144A",0.23,2026-06-30
FCAB,,"GENTING NY 7.25% 10/01/29 144A",0.23,2026-06-30
FCAB,,"AMC NETWORKS 10.5% 7/32 144A",0.22,2026-06-30
FCAB,,"BLUELINX HLDGS 6% 11/29 144A",0.22,2026-06-30
FCAB,,"MERIDIAN A LLC 6.25% 4/31 144A",0.22,2026-06-30
FCAB,,"COOPER STAN 9.25% 3/01/31 144A",0.22,2026-06-30
FCAB,,"GRIFFON CORP 5.75% 03/01/28",0.22,2026-06-30
FCAB,,"DIRECTV HLDGS 8.875% 2/30 144A",0.21,2026-06-30
FCAB,,"IRON MTN INC 6.25% 1/33 144A",0.21,2026-06-30
FCAB,,"LSB INDUS 6.25% 10/15/28 144A",0.21,2026-06-30
FCAB,,"COMSTOCK 5.875% 01/15/30 144A",0.20,2026-06-30
FCAB,,"TUTOR PERINI 6.625% 6/33 144A",0.19,2026-06-30
FCAB,,"DIRECTV HLDGS 9.25% 6/32 144A",0.19,2026-06-30
FCAB,,"UNIVISION 9.375% 08/01/32 144A",0.19,2026-06-30
FCAB,,"GOLDEN NUGGET TM B 1LN 01/29",0.19,2026-06-30
FCAB,,"CORE SCI LLC 7.75% 5/31 144A",0.19,2026-06-30
FCAB,,"NOBLE FINANCE 6.25% 6/34 144A",0.19,2026-06-30
FCAB,,"ARBOR SR 8.5% 12/15/28 144A",0.19,2026-06-30
FCAB,,"API GRP DE IN 5.75% 6/34 144A",0.19,2026-06-30
FCAB,,"PHH ESCROW 9.875% 11/29 144A",0.19,2026-06-30
FCAB,,"CALIFORNIA RES 7% 1/15/34 144A",0.19,2026-06-30
FCAB,,"PARAMOUNT GLOBA 7.875% 7/30/30",0.18,2026-06-30
FCAB,,"ICAHN LP/FN 9% 06/15/30",0.18,2026-06-30
FCAB,,"DELUXE CORP 8.125% 9/29 144A",0.18,2026-06-30
FCAB,,"TRANSDIGM INC 6.375% 3/29 144A",0.18,2026-06-30
FCAB,,"FIVE POINT OPER 8% 10/30 144A",0.18,2026-06-30
FCAB,,"IRON MTN INC 7% 02/15/29 144A",0.18,2026-06-30
FCAB,,"RITHM CAPITAL 8% 04/01/29 144A",0.18,2026-06-30
FCAB,,"WYNN LLC/CORP 6.25% 3/33 144A",0.18,2026-06-30
FCAB,,"ENOVA INTL IN 9.125% 8/29 144A",0.17,2026-06-30
FCAB,,"INFINITY NATUR 7.625% 4/31 144",0.17,2026-06-30
FCAB,,"OWENS BROCKWAY 7.25% 5/31 144A",0.17,2026-06-30
FCAB,,"DAVITA INC 6.875% 9/1/32 144A",0.17,2026-06-30
FCAB,,"ADVANCE A 7.375% 08/01/33 144A",0.17,2026-06-30
FCAB,,"LEVEL 3 FINL 8.5% 1/15/36 144A",0.16,2026-06-30
FCAB,,"NCR ATLEOS CORP 9.5% 4/29 144A",0.16,2026-06-30
FCAB,,"ACRISURE TERM B6 1LN 11/06/30",0.16,2026-06-30
FCAB,,"PITNEY 7.25% 03/15/29 144A",0.15,2026-06-30
FCAB,,"COMPASS MINERLS 8% 7/1/30 144A",0.15,2026-06-30
FCAB,,"CACI INTL INC 6.375% 6/33 144A",0.15,2026-06-30
FCAB,,"HOVNANIAN K ENT 8% 4/1/31 144A",0.15,2026-06-30
FCAB,,"PRESTIGE BRAND 6.25% 7/34 144A",0.15,2026-06-30
FCAB,,"AMERIGAS PTR LP 9.5% 6/30 144A",0.14,2026-06-30
FCAB,,"DIRECTV FIN LLC 10% 2/31 144A",0.14,2026-06-30
FCAB,,"NGL ENRGY 8.125% 02/15/29 144A",0.14,2026-06-30
FCAB,,"OUTFRONT MED 6% 06/15/34 144A",0.14,2026-06-30
FCAB,,"DAVITA INC 4.625% 6/1/30 144A",0.14,2026-06-30
FCAB,,"SOLARIS ENER 6.375% 05/31 144A",0.14,2026-06-30
FCAB,,"CALUMET SPE 9.75% 2/15/31 144A",0.14,2026-06-30
FCAB,,"RITHM CAPITAL 8.5% 6/1/31 144A",0.14,2026-06-30
FCAB,,"ENCORE CAP GRP6.625% 5/32 144A",0.14,2026-06-30
FCAB,,"DELEK LOG 6.875% 06/01/34 144A",0.14,2026-06-30
FCAB,,"INSTALLED BLD 5.625% 1/34 144A",0.14,2026-06-30
FCAB,,"CCO HLDGS/CAP 7% 02/01/33 144A",0.14,2026-06-30
FCAB,,"RITHM CAPITAL 8% 07/15/30 144A",0.14,2026-06-30
FCAB,,"CUSHMAN 8.875% 09/01/31144A",0.14,2026-06-30
FCAB,,"ONEMAIN FIN 7.875% 03/15/30",0.14,2026-06-30
FCAB,,"CHS/CMNTY HEAL 9.75% 1/34 144A",0.14,2026-06-30
FCAB,,"COREWEAVE INC 9% 02/01/31 144A",0.13,2026-06-30
FCAB,,"RHP HOTEL PPTYS 6.5% 4/32 144A",0.13,2026-06-30
FCAB,,"CHEMOURS CO 4.625% 11/29 144A",0.13,2026-06-30
FCAB,,"HA SUSTAINABLE T5Y+ 11/15/56",0.13,2026-06-30
FCAB,,"VISTRA CORP 8%/VAR PERP 144A",0.13,2026-06-30
FCAB,,"ESAB CORP 5.625% 04/01/31 144A",0.13,2026-06-30
FCAB,,"VENTURE GLB LNG 7% 1/30 144A",0.13,2026-06-30
FCAB,,"HUMANA INC 6.625%/VAR 09/15/56",0.13,2026-06-30
FCAB,,"NOVELIS CORP 6.375% 8/33 144A",0.13,2026-06-30
FCAB,,"ACCO BRAND 4.25% 03/15/29 144A",0.13,2026-06-30
FCAB,,"FAIR ISAAC COR 6.25% 9/34 144A",0.13,2026-06-30
FCAB,,"DYCOM IND INC 4.5% 4/29 144A",0.13,2026-06-30
FCAB,,"ECHOSTAR CORP 10.75% 11/30/29",0.13,2026-06-30
FCAB,,"NEPTUNE BID US 1 TM B 02/33",0.12,2026-06-30
FCAB,,"POST HLDGS 6.25% 10/15/34 144A",0.12,2026-06-30
FCAB,,"PROG HOLDINGS 6% 11/15/29 144A",0.12,2026-06-30
FCAB,,"MURPHY OIL USA 3.75% 2/31 144A",0.12,2026-06-30
FCAB,,"GENESIS ENRGY L 6.75% 03/15/34",0.12,2026-06-30
FCAB,,"OPEN TEXT HLD 4.125% 2/30 144A",0.12,2026-06-30
FCAB,,"OAK-EAGLE ACQUI 7.25% 7/33 144",0.12,2026-06-30
FCAB,,"HILTON DOM OPR 5.5% 9/31 144A",0.12,2026-06-30
FCAB,,"CVR ENERGY INC 7.5% 2/31 144A",0.12,2026-06-30
FCAB,,"ALLISON TRANS 4.75% 10/27 144A",0.12,2026-06-30
FCAB,,"HOWARD HUGHES 5.875% 3/32 144A",0.12,2026-06-30
FCAB,,"DIVERSIFIE 7.25% 10/15/30 144A",0.12,2026-06-30
FCAB,,"FIRSTCASH INC 6.875% 3/32 144A",0.11,2026-06-30
FCAB,,"UNITED RENTAL6.12% 03/34 144A",0.11,2026-06-30
FCAB,,"SOLERA TERM B 1LN 6/2/28",0.11,2026-06-30
FCAB,,"EDISON INTL 7.875%/VAR 6/15/54",0.11,2026-06-30
FCAB,,"DELEK LOG 8.625% 3/15/29 144A",0.11,2026-06-30
FCAB,,"GEO GRP INC/THE 10.25% 4/15/31",0.11,2026-06-30
FCAB,,"PACIFICORP 7.125%/VAR 08/15/56",0.11,2026-06-30
FCAB,,"TRANSDIGM INC 4.625% 01/15/29",0.11,2026-06-30
FCAB,,"ENERGY TRAN LP T5Y+NA 05/15/54",0.11,2026-06-30
FCAB,,"BUILDER 6.375% 03/34 144A",0.11,2026-06-30
FCAB,,"CHS/CMNTY 10.875% 1/15/32 144A",0.11,2026-06-30
FCAB,,"BREAD FINANCIAL 6.75% 5/31 144",0.11,2026-06-30
FCAB,,"CVS HEALTH CORP 7%/VAR 3/10/55",0.11,2026-06-30
FCAB,,"DAVITA INC 6.75% 07/15/33 144A",0.11,2026-06-30
FCAB,,"LIFEPOINT HLT 9.875% 8/30 144A",0.11,2026-06-30
FCAB,,"LIBERTY MUTUAL 4.3% 2/61 144A",0.11,2026-06-30
FCAB,,"GEO GRP INC/THE 8.625% 4/15/29",0.11,2026-06-30
FCAB,,"ASURION LLC 8.375% 2/1/34 144A",0.11,2026-06-30
FCAB,,"LGI HOMES INC 7% 11/15/32 144A",0.11,2026-06-30
FCAB,,"TRANSDIGM INC 6.125% 7/34 144A",0.10,2026-06-30
FCAB,,"KNIFE RIVER 7.75% 5/1/31 144A",0.10,2026-06-30
FCAB,,"COMPOSECURE 5.625% 2/1/33 144A",0.10,2026-06-30
FCAB,,"NOBLE FINANCE 8% 4/15/30 144A",0.10,2026-06-30
FCAB,,"BURFORD CAP 9.25% 07/31 144A",0.10,2026-06-30
FCAB,,"LEVEL 3 FINL 7.5% 2/15/37 144A",0.10,2026-06-30
FCAB,,"ALLEGIANT 7.125% 7/1/31 144A",0.10,2026-06-30
FCAB,,"UKG TERM B 1LN 2/10/31",0.10,2026-06-30
FCAB,,"WHP TM B 1LN 02/20/32",0.10,2026-06-30
FCAB,,"DISH NETW 11.75% 11/15/27 144A",0.10,2026-06-30
FCAB,,"WARNERMEDIA 1 TERM B 06/33",0.10,2026-06-30
FCAB,,"ENCOMPASS HEALT 0% 05/34 144A",0.09,2026-06-30
FCAB,,"ACADEMY LTD 5.875% 5/31 144A",0.09,2026-06-30
FCAB,,"PBF HLD LLC/FI 7.25% 6/34 144A",0.09,2026-06-30
FCAB,,"POST HLDGS INC 6.5% 3/36 144A",0.09,2026-06-30
FCAB,,"MANITOWOC INC 9.25% 10/31 144A",0.09,2026-06-30
FCAB,,"COREWEAVE INC 9.75% 10/31 144A",0.09,2026-06-30
FCAB,,"AK-EAGLE ACQ 8.75% 7/1/34 144A",0.09,2026-06-30
FCAB,,"VFH PARENT / VA 7.5% 6/31 144A",0.09,2026-06-30
FCAB,,"UNITED RE 5.375% 11/30/33 144A",0.09,2026-06-30
FCAB,,"BREAD FIN 8.375%/VAR 6/35 144A",0.09,2026-06-30
FCAB,,"ARCOSA INC 6.875% 8/15/32 144A",0.09,2026-06-30
FCAB,,"BRINKER INT 8.25% 7/15/30 144A",0.09,2026-06-30
FCAB,,"SUMMIT M 8.625% 10/31/29 144A",0.09,2026-06-30
FCAB,,"TURNING POINT 7.625% 3/32 144A",0.09,2026-06-30
FCAB,,"COMMERCIAL ME 5.75% 11/33 144A",0.09,2026-06-30
FCAB,,"LGI HOMES INC 8.75% 12/28 144A",0.09,2026-06-30
FCAB,,"AVIS BUDGET CR 8.25% 1/30 144A",0.09,2026-06-30
FCAB,,"PERATON TERM B 1LN 03/02/28",0.09,2026-06-30
FCAB,,"PHINIA INC 6.75% 04/15/29 144A",0.09,2026-06-30
FCAB,,"MPT OPER PARTNE 8.5% 2/32 144A",0.09,2026-06-30
FCAB,,"PHINIA INC 6.625% 10/32 144A",0.09,2026-06-30
FCAB,,"RHP HOTEL P 7.25% 7/15/28 144A",0.09,2026-06-30
FCAB,,"CITIGROUP INC 6.625%/VAR PERP",0.09,2026-06-30
FCAB,,"MILLROSE REIT 6.25% 9/32 144A",0.09,2026-06-30
FCAB,,"ASSURANT INC 7%/VAR 03/27/48",0.09,2026-06-30
FCAB,,"CHEMOURS CO 8% 01/15/33 144A",0.09,2026-06-30
FCAB,,"MPT OPER PARTNE 4.625% 8/1/29",0.09,2026-06-30
FCAB,,"TAL ENG SUPP 6.5% 2/1/36 144A",0.09,2026-06-30
FCAB,,"PRIMO WATER HO 6.25% 4/29 144A",0.09,2026-06-30
FCAB,,"CREDIT AC 6.625% 03/15/30 144A",0.09,2026-06-30
FCAB,,"ADAPTHEALTH 6.125% 8/28 144A",0.09,2026-06-30
FCAB,,"ASURION TM B14 1LN 02/23/33",0.08,2026-06-30
FCAB,,"HLF FING SARL 4.875% 6/29 144A",0.08,2026-06-30
FCAB,,"NEXSTAR MEDIA 7.25% 4/34 144A",0.08,2026-06-30
FCAB,,"BWX TECH INC 4.125% 6/28 144A",0.08,2026-06-30
FCAB,,"NOVELIS CORP 4.75% 1/30 144A",0.08,2026-06-30
FCAB,,"CSC SERVICEW TM EX FLSO 1 9/30",0.08,2026-06-30
FCAB,,"ALLIED UNIVERAL TM B 1LN 08/32",0.08,2026-06-30
FCAB,,"KONTOOR 4.125% 11/15/29 144A",0.08,2026-06-30
FCAB,,"WYNDHAM HOT 5.625% 3/1/33 144A",0.08,2026-06-30
FCAB,,"TAL ENG SUPP 6.25% 2/1/34 144A",0.08,2026-06-30
FCAB,,"HILTON DOM OPR 5.75% 9/33 144A",0.08,2026-06-30
FCAB,,"ENSEMBLE HEALTH TM B 1LN 02/33",0.08,2026-06-30
FCAB,,"CITIGROUP 6.875%/VAR PERP",0.08,2026-06-30
FCAB,,"EUSHI FIN INC 6.25%/VAR 4/1/56",0.08,2026-06-30
FCAB,,"PAR PETROLEUM 7.375% 6/34 144A",0.08,2026-06-30
FCAB,,"CITIGROUP INC 6.5%/VAR PERP",0.08,2026-06-30
FCAB,,"COREWEAVE FINAN 1 TM B 11/31",0.08,2026-06-30
FCAB,,"DIRECTV FINA 8.875% 02/30 144A",0.08,2026-06-30
FCAB,,"DIVERSIFIED HEA 4.375% 3/1/31",0.08,2026-06-30
FCAB,,"CHEMOURS CO 7.875% 3/34 144A",0.08,2026-06-30
FCAB,,"FLASH COMPUTE 7.25% 12/30 144A",0.08,2026-06-30
FCAB,,"BKV UPSTREA 7.5% 10/15/30 144A",0.08,2026-06-30
FCAB,,"KODIAK GAS SER 6.5% 10/33 144A",0.07,2026-06-30
FCAB,,"SCIENCE APPL 5.875% 9/33 144A",0.07,2026-06-30
FCAB,,"TOPBUILD CORP 5.625% 1/34 144A",0.07,2026-06-30
FCAB,,"EG GROUP TM B 1LN 02/10/31",0.07,2026-06-30
FCAB,,"AI AQUA MERGER 1 TERM B 06/33",0.07,2026-06-30
FCAB,,"RESORTS WORLD 4.625% 4/31 144A",0.07,2026-06-30
FCAB,,"PENNYMAC FIN 7.875% 12/29 144A",0.07,2026-06-30
FCAB,,"DISCOVERY COMML 6.35% 06/01/40",0.07,2026-06-30
FCAB,,"TRANSDIGM 6.875% 12/15/30 144A",0.07,2026-06-30
FCAB,,"WESCO DSTRIBUT 5.25% 4/31 144A",0.07,2026-06-30
FCAB,,"NEW FORTR TM B 1LN 10/28",0.07,2026-06-30
FCAB,,"ENERGIZER HLDS 6% 9/15/33 144A",0.07,2026-06-30
FCAB,,"AXON ENTE 6.125% 03/15/30 144A",0.07,2026-06-30
FCAB,,"PACIFICORP 7.375%/VAR 09/15/55",0.07,2026-06-30
FCAB,,"CONSENSUS 6.5% 10/15/28 144A",0.07,2026-06-30
FCAB,,"VIASAT INC 7.5% 05/30/31 144A",0.07,2026-06-30
FCAB,,"ANYWHERE REAL 7% 04/15/30 144A",0.07,2026-06-30
FCAB,,"STAPLES TM B 1LN 09/10/29",0.07,2026-06-30
FCAB,,"NOVOLEX TERM 1LN 04/13/29",0.07,2026-06-30
FCAB,,"CULLIGAN TM B 1LN 07/31/28",0.07,2026-06-30
FCAB,,"PERFORMANCE F 5.625% 2/34 144A",0.06,2026-06-30
FCAB,,"WILLIAM(CART 7.375% 02/31 144A",0.06,2026-06-30
FCAB,,"NOVOLEX TERM B 1LN 03/29/32",0.06,2026-06-30
FCAB,,"HEXCEL CORP 4.9% 05/15/31",0.06,2026-06-30
FCAB,,"ELECTRONIC ART TERM B 1LN 3/33",0.06,2026-06-30
FCAB,,"AUTHENTIC BRAN TM B1 1LN 12/28",0.06,2026-06-30
FCAB,,"KAISER CORP 5.875% 3/1/34 144",0.06,2026-06-30
FCAB,,"ASURION TM B12 1LN 09/19/30",0.06,2026-06-30
FCAB,,"BUILDERS FIRST 6.75% 5/35 144A",0.06,2026-06-30
FCAB,,"HUB INTERNA TERM B 1LN 6/20/30",0.06,2026-06-30
FCAB,,"AECOM 6% 08/01/33 144A",0.06,2026-06-30
FCAB,,"FAIR ISAAC CORP 6% 5/33 144A",0.06,2026-06-30
FCAB,,"UNITED RENTAL 3.875% 02/15/31",0.06,2026-06-30
FCAB,,"CROWN FIN US IN 1TM B 12/02/31",0.06,2026-06-30
FCAB,,"DAWN BIDCO LLC TM B 1LN 2/33",0.06,2026-06-30
FCAB,,"UNVSN CMM 8.875% 4/15/33 144A",0.06,2026-06-30
FCAB,,"JANE STREET TM B 1LN 12/15/31",0.06,2026-06-30
FCAB,,"SOMNIGROUP INTE 4% 4/29 144A",0.06,2026-06-30
FCAB,,"DELEK LOGIST 7.375% 6/33 144A",0.06,2026-06-30
FCAB,,"LAMAR MEDIA 3.625% 01/15/31",0.06,2026-06-30
FCAB,,"EUC TERM 1LN 07/01/2031",0.06,2026-06-30
FCAB,,"CARPENTER TCH 5.625% 2/34 144A",0.06,2026-06-30
FCAB,,"STONEX ESCROW 6.875% 7/32 144A",0.06,2026-06-30
FCAB,,"LIVE NATION 4.75% 10/27 144A",0.06,2026-06-30
FCAB,,"MIDWEST G 4.875% 05/01/29 144A",0.06,2026-06-30
FCAB,,"ADVANCED DRAIN 5.375% 2/34",0.06,2026-06-30
FCAB,,"MURPHY OIL USA 4.75% 09/15/29",0.06,2026-06-30
FCAB,,"NRG ENERGY INC 6% 1/15/36 144A",0.06,2026-06-30
FCAB,,"KODIAK GAS 5.875% 4/1/31 144A",0.06,2026-06-30
FCAB,,"DISCOVERY GLB 5.05% 03/15/42",0.06,2026-06-30
FCAB,,"BRANDYWIN OPER 6.125% 01/15/31",0.06,2026-06-30
FCAB,,"RENAISSANCE H 1 TERM B 04/30",0.05,2026-06-30
FCAB,,"MISSION PET HEALT 1 TM B 12/31",0.05,2026-06-30
FCAB,,"LAMAR MEDIA 5.375% 11/33 144A",0.05,2026-06-30
FCAB,,"INTERNET BRANDS TM B 1LN 12/31",0.05,2026-06-30
FCAB,,"IQVIA INC 6.25% 06/01/32 144A",0.05,2026-06-30
FCAB,,"TEMPUR SEALY 3.875% 10/31 144A",0.05,2026-06-30
FCAB,,"HUNTINGTON BAN 6.25%/VAR 12/49",0.05,2026-06-30
FCAB,,"KODIAK GAS SV 6.75% 10/35 144A",0.05,2026-06-30
FCAB,,"IMPERIAL DADE TM B 1LN 12/30",0.05,2026-06-30
FCAB,,"ASCEND LEARNING TM B 1LN 12/28",0.05,2026-06-30
FCAB,,"LIGHT & WDR 6.25% 10/1/33 144A",0.05,2026-06-30
FCAB,,"ZELIS TERM B 1LN 11/26/31",0.05,2026-06-30
FCAB,,"DBR LAND HLD 6.25% 12/30 144A",0.05,2026-06-30
FCAB,,"MARRIOTT OWRS 6.5% 10/33 144A",0.05,2026-06-30
FCAB,,"RHP HOTEL PPT 5.75% 03/34 144A",0.05,2026-06-30
FCAB,,"PAREXEL TM B 1LN 12/12/31",0.05,2026-06-30
FCAB,,"PROOFPOINT TERM B 1LN 08/31/28",0.05,2026-06-30
FCAB,,"HOLOGIC TERM B 1LN 04/33",0.05,2026-06-30
FCAB,,"CITIGROUP 6.95%/VAR PERP",0.05,2026-06-30
FCAB,,"HERC HOLDINGS 7% 6/15/30 144A",0.05,2026-06-30
FCAB,,"ELDORADO RES TM B 1LN 1/26/30",0.05,2026-06-30
FCAB,,"ENPRO INC 6.125% 06/01/33 144A",0.05,2026-06-30
FCAB,,"ENCORE CAP GRP 0% 3/31/31 144A",0.05,2026-06-30
FCAB,,"AVIS BUDGE 8.375% 6/15/32 144A",0.05,2026-06-30
FCAB,,"BCPE EMPIRE HLD 1LN TM B 12/32",0.05,2026-06-30
FCAB,,"APPLIED SYS INC TM B2 1LN 2/31",0.05,2026-06-30
FCAB,,"COREWEAVE INC 9.625% 7/32 144A",0.05,2026-06-30
FCAB,,"KASEYA TM B 1LN 03/22/32",0.05,2026-06-30
FCAB,,"HEXION TM 1LN 03/15/29",0.05,2026-06-30
FCAB,,"COX MEDIA GRO TM B2 1LN 06/29",0.05,2026-06-30
FCAB,,"DISCOVERY COMML 3.625% 5/15/30",0.05,2026-06-30
FCAB,,"SEVITA TM 1LN 12/12/30",0.05,2026-06-30
FCAB,,"BEACH AC PIK VAR 07/15/33 144A",0.04,2026-06-30
FCAB,,"QXO BUILDING PR 6.5% 7/31 144A",0.04,2026-06-30
FCAB,,"GRANITE CONST 0% 05/31/34 144A",0.04,2026-06-30
FCAB,,"BERLIN PACKAGI TM B7 1LN 06/31",0.04,2026-06-30
FCAB,,"ALLISON 5.875% 12/01/33 144A",0.04,2026-06-30
FCAB,,"TRANSDIGM INC 1 TERM K 03/30",0.04,2026-06-30
FCAB,,"LEVEL 3 FINL 1 TERM B4 03/32",0.04,2026-06-30
FCAB,,"QUIKRETE TM B 1LN 02/10/32",0.04,2026-06-30
FCAB,,"ANGUS CHEMICAL TM 2LN 11/28",0.04,2026-06-30
FCAB,,"PRIMO BRANDS TM B 1LN 3/31/31",0.04,2026-06-30
FCAB,,"DISCOVERY PURCH 1 TERM B 10/2",0.04,2026-06-30
FCAB,,"COTIVITI TM B 1LN 04/30/31",0.04,2026-06-30
FCAB,,"RESTAURANT TECH TM B 1LN 03/29",0.04,2026-06-30
FCAB,,"CITADEL TM B 1LN 06/33",0.04,2026-06-30
FCAB,,"QUIDELORTHO TM B 1LN 08/23/32",0.04,2026-06-30
FCAB,,"INTERNET BRANDS TM B 1LN 05/28",0.04,2026-06-30
FCAB,,"ATHENAHEALTH GR TM B 1LN 02/29",0.04,2026-06-30
FCAB,,"AMERICAN AIRLIN TM B 1LN 06/29",0.04,2026-06-30
FCAB,,"WEC US HOLDINGS 1 TM B 01/31",0.04,2026-06-30
FCAB,,"INTRAFI TERM B 1LN 07/31/2031",0.04,2026-06-30
FCAB,,"METHANEX US 6.25% 3/15/32 144A",0.04,2026-06-30
FCAB,,"AP CORE HOLDING 1 TERM B 05/31",0.04,2026-06-30
FCAB,,"SUNSOURCE TERM 1LN 03/25/31",0.04,2026-06-30
FCAB,,"INTERNET BRANDS TM B 2LN 02/29",0.04,2026-06-30
FCAB,,"VARSITY BRANDS TM B 1LN 08/31",0.04,2026-06-30
FCAB,,"CQP HOLDCO TM B 1LN 12/31/32",0.04,2026-06-30
FCAB,,"ATI INC 5.875% 06/15/33",0.04,2026-06-30
FCAB,,"SUBCOM TM B 1LN 1/31",0.04,2026-06-30
FCAB,,"INSULET TERM B 1LN 8/1/31",0.04,2026-06-30
FCAB,,"GFL ENVIRONMENT TM B 1LN 03/32",0.04,2026-06-30
FCAB,,"BRANDSAFWAY TM B 1LN 08/01/30",0.04,2026-06-30
FCAB,,"LONZA SPECIALTY TM B 1LN 07/28",0.04,2026-06-30
FCAB,,"AMERIGAS PTR 9.375% 06/28 144A",0.04,2026-06-30
FCAB,,"DARKTRACE TERM 1LN 10/09/31",0.04,2026-06-30
FCAB,,"TRANSDIGM TM N 1LN 02/13/33",0.04,2026-06-30
FCAB,,"CORE & MAIN LP 6% 7/1/34 144A",0.03,2026-06-30
FCAB,,"ACRISURE TM B 1LN 06/21/32",0.03,2026-06-30
FCAB,,"ALLIANT HLDGS TM B 1LN 09/31",0.03,2026-06-30
FCAB,,"TRUIST INSURA TM B 1LN 05/2031",0.03,2026-06-30
FCAB,,"BELRON TERM B 1LN 10/16/2031",0.03,2026-06-30
FCAB,,"CHEMOURS CO/TH TM 1LN B3 10/32",0.03,2026-06-30
FCAB,,"ALBERTSONS COM 5.5% 3/31 144A",0.03,2026-06-30
FCAB,,"CAESARS ENTERT TM B1 1LN 02/31",0.03,2026-06-30
FCAB,,"NRG ENERGY 5.875% 5/34 144A",0.03,2026-06-30
FCAB,,"TENET HEALTH 6% 11/15/33 144A",0.03,2026-06-30
FCAB,,"TAYLOR MORRIS 5.75% 11/32 144A",0.03,2026-06-30
FCAB,,"CENTURY AL 6.875% 8/01/32 144A",0.03,2026-06-30
FCAB,,"SEALED AIR TERM B 1LN 04/33",0.03,2026-06-30
FCAB,,"RED ROCK RESORT TM B 1LN 03/31",0.03,2026-06-30
FCAB,,"SS&C TECHNOL TERM B8 1LN 05/31",0.03,2026-06-30
FCAB,,"RACKSPACE FIN TL B 1LN 05/28",0.03,2026-06-30
FCAB,,"HIGHTOWER TM B 1LN 02/03/32",0.03,2026-06-30
FCAB,,"FLYNN RESTAURAN TM B 1LN 01/32",0.03,2026-06-30
FCAB,,"RED PLANET TM B 1LN 9/8/32",0.03,2026-06-30
FCAB,,"SEDGWICK CLAIMS 1 TERM B 7/31",0.03,2026-06-30
FCAB,,"ARTERA SERVICES TM 1LN 02/31",0.03,2026-06-30
FCAB,,"AVENTIV TERM 1LN FLSO 9/30/26",0.03,2026-06-30
FCAB,,"NEON MAPLE US D 1 TM B 11/31",0.03,2026-06-30
FCAB,,"POWER HOME REMO TM B 1LN 02/32",0.03,2026-06-30
FCAB,,"AMENTUM HLD 1 TERM B 09/31",0.03,2026-06-30
FCAB,,"JANUS TM B 1LN 03/25/33",0.03,2026-06-30
FCAB,,"TORY BURCH 1 TERM B 04/31",0.03,2026-06-30
FCAB,,"CORNERSTONE BUILDING TM B 4/28",0.03,2026-06-30
FCAB,,"EPICOR SOFTWARE TM 1LN 05/31",0.03,2026-06-30
FCAB,,"OMNIA PARTNERS TM B 1LN 12/32",0.03,2026-06-30
FCAB,,"WHATABURGER TERM B 1LN 8/3/28",0.03,2026-06-30
FCAB,,"BAKELITE TM B 1LN 12/23/31",0.03,2026-06-30
FCAB,,"UNIVAR TM B 1LN 08/01/30",0.03,2026-06-30
FCAB,,"J&J VENTURES GA 1 TERM B 04/3",0.03,2026-06-30
FCAB,,"NEWLY WEDS FOOD TM B 1LN 03/32",0.03,2026-06-30
FCAB,,"M2S GROUP TM B 1LN 08/22/31",0.03,2026-06-30
FCAB,,"CONSTANT CO TERM B 1LN 2/10/28",0.03,2026-06-30
FCAB,,"CARDENAS TONY'S TM 1LN 8/01/29",0.03,2026-06-30
FCAB,,"CHOBANI TERM B 1LN 10/28/32",0.03,2026-06-30
FCAB,,"MOOG INC 5.5% 10/15/34 144A",0.03,2026-06-30
FCAB,,"SHEARER'S FOODS TM B 1LN 2/31",0.03,2026-06-30
FCAB,,"ALERA TM B 1LN 05/28/32",0.03,2026-06-30
FCAB,,"TAYLOR MADE TERM B 1LN 2/7/29",0.03,2026-06-30
FCAB,,"DAVITA TM B1 1LN 05/09/31",0.03,2026-06-30
FCAB,,"GO DADDY OPER 1 TERM B8 11/29",0.03,2026-06-30
FCAB,,"HELP AT HOME TERM 1LN 09/24/31",0.03,2026-06-30
FCAB,,"HERC HOLDINGS 5.75% 3/31 144A",0.03,2026-06-30
FCAB,,"VERSANT MEDIA TM B 1LN 1/31",0.03,2026-06-30
FCAB,,"VEEAM SOFTWARE TM B 1LN 04/31",0.03,2026-06-30
FCAB,,"ASURION TM B13 1LN 09/19/30",0.03,2026-06-30
FCAB,,"NORTONLIFELOCK TM B 1LN 09/29",0.03,2026-06-30
FCAB,,"SOVOS COMPL TERM B 1LN 8/13/29",0.03,2026-06-30
FCAB,,"WEBER BLACKSTON TM B 1LN 10/32",0.03,2026-06-30
FCAB,,"CLOUD SOFTWARE TM B 1LN 8/32",0.03,2026-06-30
FCAB,,"PCI GAMING TERM 1LN 07/18/31",0.03,2026-06-30
FCAB,,"LIGHTNING TERM B 1LN 8/18/31",0.03,2026-06-30
FCAB,,"HUNTER DOUGLAS TM B 1LN 01/32",0.03,2026-06-30
FCAB,,"MPT OPER PARTNE 5% 10/15/27",0.03,2026-06-30
FCAB,,"FOCUS FINANCIAL TM B 1LN 09/31",0.03,2026-06-30
FCAB,,"THE TRAVEL CORP TM B 1LN 10/31",0.03,2026-06-30
FCAB,,"TRICORBRAUN TM 1LN 03/03/31",0.03,2026-06-30
FCAB,,"QNITY TERM B 1LN 10/29/32",0.03,2026-06-30
FCAB,,"ENLYTE TM B 1LN 06/17/31",0.03,2026-06-30
FCAB,,"ACTUS NUTRITION TM B 1LN 07/32",0.03,2026-06-30
FCAB,,"AMWINS TERM B 1LN 01/30/2032",0.03,2026-06-30
FCAB,,"SOMNIGROUP INT TM B 1LN 10/31",0.03,2026-06-30
FCAB,,"ELLUCIAN TM B 1LN 10/09/29",0.03,2026-06-30
FCAB,,"BLUE COMPASS TM B 1LN 2/26/33",0.03,2026-06-30
FCAB,,"GENESYS TM B 1LN 01/30/32",0.03,2026-06-30
FCAB,,"AMNPHA 6.875% 8/1/32 144A",0.03,2026-06-30
FCAB,,"UNITI GROUP TERM B 1LN 10/6/32",0.03,2026-06-30
FCAB,,"PROTECTIVE INDU TM B 1LN 05/32",0.03,2026-06-30
FCAB,,"COMPOSECURE TM B 1LN 01/33",0.03,2026-06-30
FCAB,,"CHAMBERLAIN GR TM B 1LN 9/32",0.03,2026-06-30
FCAB,,"UNITED PLANET FIT TM 1LN 12/26",0.03,2026-06-30
FCAB,,"RHP HOTEL PPTYS 6.5% 6/33 144A",0.03,2026-06-30
FCAB,,"ACUSHNET CO 5.625% 12/33 144A",0.03,2026-06-30
FCAB,,"MACLEAN POW TM B 1LN 2/28/33",0.03,2026-06-30
FCAB,,"NORTHERN OIL 7.875% 10/33 144A",0.03,2026-06-30
FCAB,,"ORGANON TERM B 1LN 05/19/2031",0.03,2026-06-30
FCAB,,"VISTAJET TM B 1LN 04/01/31",0.03,2026-06-30
FCAB,,"BROADSTREET PART TM B 1LN 6/31",0.02,2026-06-30
FCAB,,"ENDO TERM B 1LN 04/23/2031",0.02,2026-06-30
FCAB,,"GENTIVA TERM B 1LN 02/11/2028",0.02,2026-06-30
FCAB,,"C&S WHOLESALE TM B 1LN 9/30",0.02,2026-06-30
FCAB,,"MCKESSON B 1LN TERM 06/09/32",0.02,2026-06-30
FCAB,,"CORPORATION SER TM B 1LN 11/29",0.02,2026-06-30
FCAB,,"HILTON GRAND VAC TM B 1LN 8/28",0.02,2026-06-30
FCAB,,"AMER AIR 1 TERM B 05/33",0.02,2026-06-30
FCAB,,"AIT WORLDWIDE TM B 1LN 04/33",0.02,2026-06-30
FCAB,,"CONSTRUCTION PA 1 TERM B 11/31",0.02,2026-06-30
FCAB,,"LIGHT & WONDER TM B2 1LN 04/29",0.02,2026-06-30
FCAB,,"TRANS UNION TM B9 1LN 06/24/31",0.02,2026-06-30
FCAB,,"CLARIOS TERM B 1LN 01/28/32",0.02,2026-06-30
FCAB,,"GENESEE & WYOMI TM B 1LN 04/31",0.02,2026-06-30
FCAB,,"ARCHKEY H TM B-DD 1LN 11/31",0.02,2026-06-30
FCAB,,"ADVANTAGE SALES TERM 1LN 4/30",0.02,2026-06-30
FCAB,,"SWEETWATER SOUN TM B 1LN 02/33",0.02,2026-06-30
FCAB,,"CHARTER NEXT TM B 1LN 11/29/30",0.02,2026-06-30
FCAB,,"UFC HLDGS LLC 1 TERM B5 11/31",0.02,2026-06-30
FCAB,,"ALPHA GENERATIO TM B 1LN 09/31",0.02,2026-06-30
FCAB,,"CUSHMAN &WAKEF 6.75% 5/28 144A",0.02,2026-06-30
FCAB,,"CLOUD SOFTWARE TM B2 1LN 3/31",0.02,2026-06-30
FCAB,,"NEXSTAR BROADCA TM B 1LN 06/32",0.02,2026-06-30
FCAB,,"ASURION TERM B4 2LN 01/20/29",0.02,2026-06-30
FCAB,,"WHITE CAP SU TM B 1LN 10/31/29",0.02,2026-06-30
FCAB,,"SIGNIA AEROSPAC 1 TERM B 12/31",0.02,2026-06-30
FCAB,,"AHEAD TERM B4 1LN 02/03/",0.02,2026-06-30
FCAB,,"CONVERGINT TM B 1LN 07/09/32",0.02,2026-06-30
FCAB,,"A-GAS TERM B 1LN 12/14/29",0.02,2026-06-30
FCAB,,"API GRP DE IN 1 TERM B 5/33",0.02,2026-06-30
FCAB,,"WAYFAIR LLC 7.125% 5/34 144A",0.02,2026-06-30
FCAB,,"KNOWBE4 TM 1LN 07/26/32",0.02,2026-06-30
FCAB,,"MARRIOTT VAC TM B 1LN 04/01/31",0.02,2026-06-30
FCAB,,"BLOCK INC 6% 08/15/33 144A",0.02,2026-06-30
FCAB,,"CLARIOS TERM B 1LN 05/06/30",0.02,2026-06-30
FCAB,,"LIFE TIME FI TM B 1LN 11/05/31",0.02,2026-06-30
FCAB,,"ALLEN MEDIA TM B 1LN 02/10/27",0.02,2026-06-30
FCAB,,"VIRTU FINAN TERM B 1LN 6/20/31",0.02,2026-06-30
FCAB,,"UNITED PACIFIC TM B 1LN 07/31",0.02,2026-06-30
FCAB,,"ALIXPARTNERS TM B 1LN 8/12/32",0.02,2026-06-30
FCAB,,"EMRLD BORROW LP 1 TM B2 08/31",0.02,2026-06-30
FCAB,,"ARXIS TERM B 1LN 02/26/2032",0.02,2026-06-30
FCAB,,"MYEYEDR TM B 1LN 04/15/31",0.02,2026-06-30
FCAB,,"VCI ASSET HL 3 TERM TL 4/15/31",0.02,2026-06-30
FCAB,,"AMNEAL PHARMA TM B 1LN 8/2/32",0.02,2026-06-30
FCAB,,"PLAQUEMINES TERM 1LN 5/25/29",0.02,2026-06-30
FCAB,,"TK ELEVATOR US TM B 1LN 04/30",0.02,2026-06-30
FCAB,,"CHG HEALTHCARE 1 TERM 09/31",0.02,2026-06-30
FCAB,,"PROAMPAC TERM B 1LN 3/7/33",0.02,2026-06-30
FCAB,,"DAVE & BUSTER'S TM B 1LN 11/31",0.02,2026-06-30
FCAB,,"CALPINE CONSTRU TM B 1LN 07/30",0.02,2026-06-30
FCAB,,"ZELIS TERM B 1LN 09/28/29",0.02,2026-06-30
FCAB,,"NEXSTAR BROADCA TM B 1LN 03/33",0.02,2026-06-30
FCAB,,"NRG ENERGY TM B 1LN 04/28/33",0.02,2026-06-30
FCAB,,"NRG TERM B 1LN 04/16/31",0.02,2026-06-30
FCAB,,"COLUMBUS MCKINNO TM B 1LN 2/33",0.02,2026-06-30
FCAB,,"AZORRA TM B 1LN 10/18/2029",0.02,2026-06-30
FCAB,,"PRIMESOURCE TM B 1LN 3/15/31",0.02,2026-06-30
FCAB,,"TRANSDIGM TERM L 1LN 01/20/32",0.02,2026-06-30
FCAB,,"NIELSENIQ TM B 1LN 10/31/30",0.02,2026-06-30
FCAB,,"SKX TERM 1LN TSFR3M+275 09/32",0.02,2026-06-30
FCAB,,"INDICOR TM B 1LN 11/22/29",0.02,2026-06-30
FCAB,,"UNITED AIRLINES TM B 1LN 02/31",0.02,2026-06-30
FCAB,,"JD POWER TERM B 1LN 07/16/2031",0.02,2026-06-30
FCAB,,"CLOUD SOFTWARE 8.25% 6/32 144A",0.02,2026-06-30
FCAB,,"LUCKY STRIKE ENT TM B 1LN 9/32",0.02,2026-06-30
FCAB,,"PRIMIENT TM B 1LN 04/02/29",0.02,2026-06-30
FCAB,,"OSMOSE TERM B 1LN 06/23/2028",0.02,2026-06-30
FCAB,,"DIGICERT TERM B 2LN 02/19/29",0.02,2026-06-30
FCAB,,"ECHO GLOBAL LGSTC TM 1LN 11/28",0.02,2026-06-30
FCAB,,"FLEETCOR TERM B 1LN 11/05/2032",0.02,2026-06-30
FCAB,,"BW GAS TERM B 1LN 3/17/28",0.02,2026-06-30
FCAB,,"TELEVISAUNIVISI TM B 1LN 01/29",0.02,2026-06-30
FCAB,,"SABRE INDUSTRIES TM 1LN 8/32",0.02,2026-06-30
FCAB,,"TALEN ENERGY TM B 1LN 11/25/32",0.02,2026-06-30
FCAB,,"ASSETMARK FINAN TM B 1LN 09/31",0.02,2026-06-30
FCAB,,"TRANSDIGM TERM M 1LN 8/19/32",0.02,2026-06-30
FCAB,,"CREATIVE PLAN TM B 1LN 05/31",0.02,2026-06-30
FCAB,,"1-800 CONTACTS TM B 1LN 11/32",0.02,2026-06-30
FCAB,,"SUMMIT COS TERM B 1LN 10/1/32",0.02,2026-06-30
FCAB,,"OPTIV TERM B 1LN 05/28",0.02,2026-06-30
FCAB,,"CHART INDUSTRIES TM B 1LN 3/30",0.02,2026-06-30
FCAB,,"WR GRACE TERM B 1LN 08/09/32",0.02,2026-06-30
FCAB,,"USI TM D 1LN 11/23/2029",0.02,2026-06-30
FCAB,,"PLAYCORE TERM B 1LN 2/20/30",0.02,2026-06-30
FCAB,,"GEN II FUND SERVI TM 1LN 11/31",0.02,2026-06-30
FCAB,,"TROPICANA EXCH FLSO FL20 1/29",0.02,2026-06-30
FCAB,,"DOTDASH MEREDITH TM B 1LN 6/32",0.02,2026-06-30
FCAB,,"AMAWATERWAYS TM B 1LN 5/1/31",0.02,2026-06-30
FCAB,,"PF CHANG'S TM B 1LN 9/29",0.02,2026-06-30
FCAB,,"STANDARDAERO TM B1 1LN 10/31",0.02,2026-06-30
FCAB,,"CAMPING WORLD TM B 1LN 06/28",0.02,2026-06-30
FCAB,,"SUNBELT SOLOMON TM B 1LN 10/31",0.02,2026-06-30
FCAB,,"JOHNSTONE SPPLY TM B 1LN 06/31",0.01,2026-06-30
FCAB,,"ACTION TERM B 1LN 10/32",0.01,2026-06-30
FCAB,,"BALL CORP 2.875% 08/15/30",0.01,2026-06-30
FCAB,,"SMYRNA READY 8.875% 11/31 144A",0.01,2026-06-30
FCAB,,"RH TERM B 1LN 10/20/28",0.01,2026-06-30
FCAB,,"GOLDEN STATE TM B 1LN 12/31",0.01,2026-06-30
FCAB,,"BIOMARIN PHARMA TM B 1LN 4/33",0.01,2026-06-30
FCAB,,"VERICAST CORP 1 TERM 06/30",0.01,2026-06-30
FCAB,,"ASPIRE BAKERI TERM B 1LN 12/30",0.01,2026-06-30
FCAB,,"MIDDLE RIVER PO TM B 1LN 06/32",0.01,2026-06-30
FCAB,,"SOTERA HLTH HOL 1 TERM B 05/31",0.01,2026-06-30
FCAB,,"DORMAN PRODUCTS 0% 6/34 144A",0.01,2026-06-30
FCAB,,"HARBOURVEST LP 1 TM B 04/30",0.01,2026-06-30
FCAB,,"KASEYA TM 2LN 03/21/33",0.01,2026-06-30
FCAB,,"ICON TERM B 1LN 07/03/28",0.01,2026-06-30
FCAB,,"DELRIN TERM B 1LN 11/01/30",0.01,2026-06-30
FCAB,,"PING IDENTITY TM 1LN 11/15/32",0.01,2026-06-30
FCAB,,"TELEVISAUNIVISION TRM 1LN 6/29",0.01,2026-06-30
FCAB,,"GRIFOLS INTERNA 1 TERM B 4/33",0.01,2026-06-30
FCAB,,"GRAHAM PACKAGIN TM B 1LN 01/33",0.01,2026-06-30
FCAB,,"HILTON GRAND TM B 1LN 01/17/31",0.01,2026-06-30
FCAB,,"EDISON INTL 5.45% 06/15/29",0.01,2026-06-30
FCAB,,"OSTTRA TERM B 1LN 10/8/32",0.01,2026-06-30
FCAB,,"TK ELEVATOR US 1 TERM B 04/30",0.01,2026-06-30
FCAB,,"RYAN SPECIALTY TM B 1LN 09/31",0.01,2026-06-30
FCAB,,"QLIK TM B 1LN 10/28/30",0.01,2026-06-30
FCAB,,"ASPLUNDH TERM B 1LN 05/23/2031",0.01,2026-06-30
FCAB,,"US LBM TERM B 1LN 06/06/31",0.01,2026-06-30
FCAB,,"SOLSTICE TERM B 1LN 10/29/32",0.01,2026-06-30
FCAB,,"CORAL-US CO-BOR 1 TERM B7 01/",0.01,2026-06-30
FCAB,,"HILTON TERM B 1LN 11/08/30",0.01,2026-06-30
FCAB,,"COLONIAL FIRST TM B 1LN 12/28",0.01,2026-06-30
FCAB,,"UNITED RENTAL 3.875% 02/15/31",0.01,2026-06-30
FCAB,,"WHITE CAP SUPPL TM B 1LN 02/33",0.01,2026-06-30
FCAB,,"EMG UTICA MDSTRM TM B 1LN 4/30",0.01,2026-06-30
FCAB,,"LCI INDUSTRIES TM B 1LN 03/32",0.01,2026-06-30
FCAB,,"SONARSOURCE TM 1LN 12/19/30",0.01,2026-06-30
FCAB,,"BOOTS TERM B 1LN 8/30/32",0.01,2026-06-30
FCAB,,"AMERICAN AXLE TM C 1LN 2/33",0.01,2026-06-30
FCAB,,"SUPPLYONE TM B 1LN 04/21/31",0.01,2026-06-30
FCAB,,"CELSIUS TERM B 1LN 4/01/32",0.01,2026-06-30
FCAB,,"EXAMWORKS TM B 1LN 02/06/33",0.01,2026-06-30
FCAB,,"CALIBER COLLIS TM B 1LN 01/31",0.01,2026-06-30
FCAB,,"BARNES GROUP TM B 1LN 01/27/32",0.01,2026-06-30
FCAB,,"AVIS BUDGET TM B 1LN 07/16/32",0.01,2026-06-30
FCAB,,"CFC GROUP TM B 1LN 07/01/32",0.01,2026-06-30
FCAB,,"BRIGHTSP HE TRM B 1LN 02/21/31",0.01,2026-06-30
FCAB,,"TRILON GROUP LL 1 TERM B 6/33",0.01,2026-06-30
FCAB,,"PYE-BARKER TERM 1LN 12/16/32",0.01,2026-06-30
FCAB,,"COORSTEK INC 1 TERM B 10/32",0.01,2026-06-30
FCAB,,"ARCIS GOLF TM 1LN 11/24/28",0.01,2026-06-30
FCAB,,"DYCOM INDUSTRI TM B 1LN 01/33",0.01,2026-06-30
FCAB,,"MINIMAX VIKING TM B 1LN 03/32",0.01,2026-06-30
FCAB,,"NCR ATLEOS TM B 1LN 04/16/29",0.01,2026-06-30
FCAB,,"DELEK TERM B 1LN 05/32",0.01,2026-06-30
FCAB,,"HEARTLAND DENTAL TM B 1LN 8/32",0.01,2026-06-30
FCAB,,"DUCK CREEK TERM B 1LN 8/6/32",0.01,2026-06-30
FCAB,,"AVENTIV TERM FLSO 9/30/26",0.01,2026-06-30
FCAB,,"ECL ENTERTA TERM B 1LN 8/30/30",0.01,2026-06-30
FCAB,,"COGENTRIX TERM B 1LN 02/26/32",0.01,2026-06-30
FCAB,,"USALCO LLC TM B 1LN 09/31",0.01,2026-06-30
FCAB,,"MATIV HOLDINGS TM B 1LN 4/33",0.01,2026-06-30
FCAB,,"AMERICAN TRAILER TM B 1LN 3/28",0.01,2026-06-30
FCAB,,"BELDEN INC 1 TERM B 06/33",0.01,2026-06-30
FCAB,,"CHROMALLOY TM B 1LN 03/27/31",0.01,2026-06-30
FCAB,,"USI TM C 1LN 09/27/30",0.01,2026-06-30
FCAB,,"CACI INTL TM B 1LN 10/31",0.01,2026-06-30
FCAB,,"CROWN EQUIPMEN TM B1 1LN 10/31",0.01,2026-06-30
FCAB,,"INTRAFI NETWORK TM B 1LN 07/31",0.01,2026-06-30
FCAB,,"GLOBAL MEDICAL TM B 1LN 10/32",0.01,2026-06-30
FCAB,,"TTM TECHNOLOG TERM B 1LN 5/30",0.01,2026-06-30
FCAB,,"ASTRO ACQUISITI 1 TERM B 08/32",0.01,2026-06-30
FCAB,,"TRIPADVISOR TM B 1LN 07/08/31",0.01,2026-06-30
FCAB,,"TROPICANA TERM FLFO 01/24/2029",0.01,2026-06-30
FCAB,,"SABERT TERM B 1LN 12/28",0.01,2026-06-30
FCAB,,"ARAMARK TM B9 1LN 04/06/2028",0.01,2026-06-30
FCAB,,"CONAIR TERM B 1LN 5/17/28",0.01,2026-06-30
FCAB,,"SCENIC CRUI TM B 1LN 08/18/32",0.01,2026-06-30
FCAB,,"FLEXJET TERM B 1LN 2/17/33",0.01,2026-06-30
FCAB,,"FILTRATION GRP 1 TERM B 10/28",0.01,2026-06-30
FCAB,,"SINCLAIR TEL 1 TERM B7 12/30",0.01,2026-06-30
FCAB,,"INTRAFI NETWORK TM B 2LN 2/32",0.01,2026-06-30
FCAB,,"NATGASOLINE TM B 1LN 03/29/30",0.01,2026-06-30
FCAB,,"QUIDELORTHO A 1LN 08/21/30",0.01,2026-06-30
FCAB,,"ONTIC TM B 1LN 10/17/30",0.01,2026-06-30
FCAB,,"GREYSTAR REA 1 TERM B 8/30",0.01,2026-06-30
FCAB,,"MADISON IAQ LLC 1 TM B 5/32",0.01,2026-06-30
FCAB,,"COTIVITI INC 1 TERM 05/31",0.01,2026-06-30
FCAB,,"BEACON MOBILITY TM B 1LN 08/30",0.01,2026-06-30
FCAB,,"NOVAE TERM 1LN 12/22/28",0.01,2026-06-30
FCAB,,"COHERENT TERM B2 1LN 07/02/29",0.01,2026-06-30
FCAB,,"CAST & CREW TM B INC 1LN 12/28",0.01,2026-06-30
FCAB,,"HANGER TM B 1LN 10/23/31",0.01,2026-06-30
FCAB,,"SBA COMMS TM B 1LN 01/31",0.01,2026-06-30
FCAB,,"CONGRUEX GROUP TM B 1LN 05/29",0.01,2026-06-30
FCAB,,"SIZZLING PLATTER TM 1LN 07/32",0.01,2026-06-30
FCAB,,"FRONERI TM B-4 1LN 09/29/31",0.01,2026-06-30
FCAB,,"DEL M TM TLB DIP ROLLUP 06/27",0.01,2026-06-30
FCAB,,"WELLFUL TM PRIMING TL A 04/30",0.01,2026-06-30
FCAB,,"HERSCHEND TM 1LN 05/27/2032",0.01,2026-06-30
FCAB,,"PRIORITY TECHNO TM B 1LN 8/32",0.01,2026-06-30
FCAB,,"PRSTG BNRDS TRM B 1LN 6/33",0.01,2026-06-30
FCAB,,"CAESARS ENT 7% 02/15/30 144A",0.01,2026-06-30
FCAB,,"RH TERM B2 1LN 10/20/28",0.01,2026-06-30
FCAB,,"STAPLES 10.75% 09/01/29 144A",0.01,2026-06-30
FCAB,,"NATIONAL MNTOR 0% 12/30 144A",0.01,2026-06-30
FCAB,,"TRANSDIGM INC 6.25% 1/34 144A",0.01,2026-06-30
FCAB,,"RACKSPACE TM B SPR PR 1LN 5/28",0.01,2026-06-30
FCAB,,"QLIK TM 2LN 05/09/33",0.01,2026-06-30
FCAB,,"FITNESS INTERNA 1 TERM 02/29",0.01,2026-06-30
FCAB,,"MKS INSTRUMENTS TM B 1LN 02/33",0.01,2026-06-30
FCAB,,"HNI CORP 1 TERM B 12/32",0.01,2026-06-30
FCAB,,"NETWORK CONNEX TERM 1LN 6/33",0.01,2026-06-30
FCAB,,"LAMAR MEDIA 4% 02/15/30",0.01,2026-06-30
FCAB,,"ZEKELMAN INDUST TM B 1LN 01/31",0.01,2026-06-30
FCAB,,"KARMAN TM B 1LN 04/01/2032",0.01,2026-06-30
FCAB,,"US FERTILITY ENT TM LN 12/32",0.01,2026-06-30
FCAB,,"ALKERMES TM B 1LN 08/12/31",0.01,2026-06-30
FCAB,,"GLOBAL PART 7.125% 7/1/33 144A",0.01,2026-06-30
FCAB,,"ELANCO ANIMAL H TM B 1LN 10/32",0.01,2026-06-30
FCAB,,"DARKTRACE TERM 2LN 10/12/32",0.01,2026-06-30
FCAB,,"GRIFFON TM B 1LN 01/24/29",0.01,2026-06-30
FCAB,,"WELLFUL BOOT FLSO 1LN 10/30",0.01,2026-06-30
FCAB,,"CLOUD SOFTWARE 9% 9/30/29 144A",0.01,2026-06-30
FCAB,,"TALEN ENERGY TERM B 1LN 12/31",0.01,2026-06-30
FCAB,,"JANUS HENDE TERM B 1LN 3/25/33",0.01,2026-06-30
FCAB,,"ALLISON TRANSM TM B 1LN 1/33",0.01,2026-06-30
FCAB,,"DIRECTV F 5.875% 08/15/27 144A",0.01,2026-06-30
FCAB,,"BENDING SPOONS TM B 1LN 03/31",0.01,2026-06-30
FCAB,,"SHIFT4 PAY LLC 6.75% 8/32 144A",0.00,2026-06-30
FCAB,,"AVEANNA HEALTHC 1 TERM B 9/32",0.00,2026-06-30
FCAB,,"CUSHMAN &WAKEF 1 TERM B 06/33",0.00,2026-06-30
FCAB,,"CLEAN ENERGY TM B 1LN 04/33",0.00,2026-06-30
FCAB,,"ACOSTA TM B 1LN 08/21/31",0.00,2026-06-30
FCAB,,"TALLGRASS ENERGY TM B 1LN 8/29",0.00,2026-06-30
FCAB,,"TRANSDIGM INC 4.875% 05/01/29",0.00,2026-06-30
FCAB,,"LIVE NATION TM B 1LN 10/21/32",0.00,2026-06-30
FCAB,,"INSULET CORP 6.5% 4/1/33 144A",0.00,2026-06-30
FCAB,,"CUSHMAN &WAKEF 1 TERM B2 01/3",0.00,2026-06-30
FCAB,,"ARAMARK TM B10 1LN 06/30",0.00,2026-06-30
FCAB,,"TRAVERSE MIDSTR TM B 1LN 02/28",0.00,2026-06-30
FCAB,,"HARRINGTON TERM B 1LN 06/25/33",0.00,2026-06-30
FCAB,,"GEN DIGITAL TM B 1LN 4/16/32",0.00,2026-06-30
FCAB,,"UNIVISION TERM B 1LN 01/31/29",0.00,2026-06-30
FCAB,,"PERATON TERM 2LN 02/01/29",0.00,2026-06-30
FCAB,,"DAVE & BUSTER'S TM B 1LN 6/29",0.00,2026-06-30
FCAB,,"CORE & MAIN TM E 1LN 02/10/31",0.00,2026-06-30
FCAB,,"UNITED PLA TM B 1LN 12/30/2026",0.00,2026-06-30
FCAB,,"FERTITTA 4.625% 01/15/29 144A",0.00,2026-06-30
FCAB,,"STANDARDAERO TM B2 1LN 10/31",0.00,2026-06-30
FCAB,,"ATHLETICO PHYS TM B 1LN 02/29",0.00,2026-06-30
FCAB,,"MAXIMUS TM B 1LN 05/30/31",0.00,2026-06-30
FCAB,,"CACI INTERNATIO TM B2 1LN 3/33",0.00,2026-06-30
FCAB,,"SINCLAIR TEL 1 TERM B6 12/29",0.00,2026-06-30
FCAB,,"DISCOVERY COMML 3.95% 03/20/28",0.00,2026-06-30
FCAB,,"GTT CMM TM NEW$HLDCO 1LN 10/31",0.00,2026-06-30
FCAB,,"JBT MAREL CORP 1 TERM B 01/32",0.00,2026-06-30
FCAB,,"OLAPLEX TERM B 1LN 02/23/29",0.00,2026-06-30
FCAB,,"OPENLANE TERM B 1LN 10/8/32",0.00,2026-06-30
FCAB,,"HAMILTON PRO TM B 1LN 05/30/31",0.00,2026-06-30
FCAB,,"ECHO GLOBAL LOG 1 TM B 11/28",0.00,2026-06-30
FCAB,,"JUICE PIK TKBK TL A 1LN 3/31",0.00,2026-06-30
FCAB,,"TEAM SERVI TM B 1LN 03/31/33",0.00,2026-06-30
FCAB,,"TOWNSQUARE MEDIA TM B 1LN 2/30",0.00,2026-06-30
FCAB,,"CONVERGINT TECH TM B 2LN 07/33",0.00,2026-06-30
FCAB,,"CORNERSTONE TM C 1LN 05/31",0.00,2026-06-30
FCAB,,"ALPHA GENERATIO 1 TERM B 06/33",0.00,2026-06-30
FCAB,,"BRAND INDU 10.375% 8/1/30 144A",0.00,2026-06-30
FCAB,,"MADISON S&F TERM B 1LN 9/26/31",0.00,2026-06-30
FCAB,,"SHIFT4 PYMNTS TM B 1LN 7/32",0.00,2026-06-30
FCAB,,"COPELAND TM B 1LN 05/31/30",0.00,2026-06-30
FCAB,,"ICON TERM B 1LN 07/03/28 (2nd)",0.00,2026-06-30
FCAB,,"US LBM TM B 1LN 06/06/31",0.00,2026-06-30
FCAB,,"ANGUS CHEMICAL TM B 1LN 11/27",0.00,2026-06-30
FCAB,,"SUMMIT COS TERM DD 1LN 10/1/32",0.00,2026-06-30
FCAB,,"EMBECTA CORP 6.75% 2/30 144A",0.00,2026-06-30
FCAB,,"MODERN AVIATION 1 TERM B 5/33",0.00,2026-06-30
FCAB,,"STG DISTRIBUT DIP 1LN 07/26",0.00,2026-06-30
FCAB,,"CSC SERVICEW TRM FL1O 1LN 9/30",0.00,2026-06-30
FCAB,,"WULF COMPUTE 7.75% 10/30 144A",0.00,2026-06-30
FCAB,,"STG DISTRI DIP ROLLUP 1LN 7/26",0.00,2026-06-30
FCAB,,"PLAQUEMINES TM 1LN 05/25/29",0.00,2026-06-30
FCAB,,"ARXIS TERM B-DD 1LN 02/26/2032",0.00,2026-06-30
FCAB,,"TROPN EXCH FLTO FL30 PIK 01/30",0.00,2026-06-30
FCAB,,"US ANESTH TM B 1LN 10/28",0.00,2026-06-30
FCAB,,"ORGANON &CO 5.125% 4/31 144A",0.00,2026-06-30
FCAB,,"OT MIDCO INC 10% 02/15/30 144A",0.00,2026-06-30
FCAB,,"HIGHTOWER TERM DD 1LN 02/03/32",0.00,2026-06-30
FCAB,,"AVENTIV TCH TRM BRIDGE LN 9/26",0.00,2026-06-30
FCAB,,"WH BORROWER 1 TERM B 2/32",0.00,2026-06-30
FCAB,,"CORE & MAIN TERM B 1LN 7/33",0.00,2026-06-30
FCAB,,"MRP TM DD 1LN 6/4/32",0.00,2026-06-30
FCAB,,"HEXION TERM 2LN 02/09/30",0.00,2026-06-30
FCAB,,"AVENTIV TM DEC FLSO 9/30/2026",0.00,2026-06-30
FCAB,,"PYE-BARKER TERM 1LN DD 12/32",0.00,2026-06-30
FCAB,,"CORNERSTONE BLD PRD TM 1LN 28",0.00,2026-06-30
FCAB,,"BYJU SEC ROLL DIP 03/31/33",0.00,2026-06-30
FCAB,,"JUICE TM NEW $ 1ST 1LN 9/30",0.00,2026-06-30
FCAB,,"CAMELOT RETURN 8.75% 8/28 144A",0.00,2026-06-30
FCAB,,"STG TM 1L FLFO 10/03/29",0.00,2026-06-30
FCAB,,"VENTURE GLOB 6.125% 12/30 144A",0.00,2026-06-30
FCAB,,"HANGER TM DD 1LN 10/23/31",0.00,2026-06-30
FCAB,,"AVENTIV TERM FLSO 1LN 9/30/26",0.00,2026-06-30
FCAB,,"TRILON GROUP LL 1 TERM DD 6/33",0.00,2026-06-30
FCAB,,"UNITED FIT TERM 2LN 12/30/27",0.00,2026-06-30
FCAB,,"SMYRNA READY MI TM B 1LN 04/29",0.00,2026-06-30
FCAB,,"BYJU WIND-DOWN DIP 03/31/33",0.00,2026-06-30
FCAB,,"SIGNIA AEROS 1 TERM B-DD 12/31",0.00,2026-06-30
FCAB,,"HARRINGTON TERM B-DD 1LN 6/33",0.00,2026-06-30
FCAB,,"BEACON MOBILITY TM DD 1LN 8/30",0.00,2026-06-30
FCAB,,"US FERTILITY TM DD 1LN 12/32",0.00,2026-06-30
FCAB,,"SIZZLING PLAT TM DD 1LN 06/32",0.00,2026-06-30
FCAB,,"BYJU THIRD ROLLDIP 03/31/33",0.00,2026-06-30
FCAB,,"AVENTIV TERM 2LN 09/26",0.00,2026-06-30
FCAB,,"STG TM 2L FLSO 10/3/29",0.00,2026-06-30
FCAB,,"STG DIP FLSO ROLL 1LN 07/13/26",0.00,2026-06-30
FCAB,,"DEL TM 1LN SPPR SEC OUT 8/28",0.00,2026-06-30
FCAB,,"BYJU'S TERM B 1LN 11/24/26",0.00,2026-06-30
FCAB,,"DEL MONTE TM FLFO B PIK 08/28",0.00,2026-06-30
FCAB,,"DEL TM 1LN SPPR FRST OUT 8/28",0.00,2026-06-30
FCAB,,"HEUBACH TM INITIAL TL 12/49",0.00,2026-06-30
FCAE,,"Fidelity U.S. Money Market Investment Trust",1.64,2026-06-30
FCAE,,"U.S. dollar",0.00,2026-06-30
FCAE,,Aritzia,1.40,2026-06-30
FCAE,,Cameco,0.82,2026-06-30
FCAE,,Hudbay Minerals,0.71,2026-06-30
FCAE,,Lundin Mining,0.62,2026-06-30
FCAE,,Wheaton Precious Metals,0.35,2026-06-30
FCAE,,"Alphabet, Cl. C",8.57,2026-06-30
FCAE,,Nvidia,8.19,2026-06-30
FCAE,,Amazon.com,5.74,2026-06-30
FCAE,,Caterpillar,4.71,2026-06-30
FCAE,,"J.P. Morgan Chase",4.22,2026-06-30
FCAE,,Apple,4.02,2026-06-30
FCAE,,Lam Research,3.91,2026-06-30
FCAE,,Micron Technology,3.60,2026-06-30
FCAE,,KLA Corporation,3.36,2026-06-30
FCAE,,Meta Platforms,3.34,2026-06-30
FCAE,,Morgan Stanley,3.26,2026-06-30
FCAE,,Taiwan Semiconductor Manufacturing,3.09,2026-06-30
FCAE,,Microsoft,2.34,2026-06-30
FCAE,,Western Digital,2.31,2026-06-30
FCAE,,Welltower,2.27,2026-06-30
FCAE,,CSX,2.21,2026-06-30
FCAE,,Wells Fargo,2.02,2026-06-30
FCAE,,Interactive Brokers Group,1.84,2026-06-30
FCAE,,Comfort Systems USA,1.80,2026-06-30
FCAE,,Intel,1.66,2026-06-30
FCAE,,Thermo Fisher Scientific,1.66,2026-06-30
FCAE,,Knight-Swift Transportation Holdings,1.61,2026-06-30
FCAE,,Hilton Worldwide Holdings,1.50,2026-06-30
FCAE,,VIKING HOLDINGS LTD,1.49,2026-06-30
FCAE,,MEDLINE INC,1.38,2026-06-30
FCAE,,HEXCEL CORPORATION,1.38,2026-06-30
FCAE,,Element Solutions,1.27,2026-06-30
FCAE,,DOORDASH INC,1.05,2026-06-30
FCAE,,Texas Instruments,1.04,2026-06-30
FCAE,,Woodward,0.96,2026-06-30
FCAE,,Cisco Systems,0.89,2026-06-30
FCAE,,Danaher,0.86,2026-06-30
FCAE,,Netflix,0.85,2026-06-30
FCAE,,Spotify,0.73,2026-06-30
FCAE,,"Berkshire Hathaway, Cl. B",0.65,2026-06-30
FCAE,,Freeport-McMoRan,0.64,2026-06-30
FCAE,,XPO,0.62,2026-06-30
FCAE,,CBRE Group,0.59,2026-06-30
FCAE,,Visa,0.55,2026-06-30
FCAE,,Chipotle Mexican Grill,0.52,2026-06-30
FCAE,,TECHNIPFMC PLC,0.50,2026-06-30
FCAE,,FTAI Aviation,0.48,2026-06-30
FCAE,,General Motors,0.24,2026-06-30
FCAE,,"Alphabet, Cl. A",0.15,2026-06-30
FCAE,,Howmet Aerospace,0.11,2026-06-30
FCAE,,DPC HOLDINGS LTD,0.08,2026-06-30
FCAM,,Fidelity U.S. Momentum ETF,26.1,2026-09-18
FCAM,,Fidelity U.S. Value ETF,25.0,2026-09-18
FCAM,,Fidelity U.S. High Quality ETF,24.9,2026-09-18
FCAM,,Fidelity U.S. Low Volatility ETF,23.9,2026-09-18
FCCA,,Fidelity Canadian Value ETF,25.5,2026-09-18
FCCA,,Fidelity Canadian Low Volatility ETF,25.0,2026-09-18
FCCA,,Fidelity Canadian Momentum ETF,24.9,2026-09-18
FCCA,,Fidelity Canadian High Quality ETF,24.7,2026-09-18
FCCA,,Fidelity Canadian Money Market Investment Trust,0.0,2026-09-18
