Ticker,HoldingName,WeightPct
,CANADA GOVERNMENT OF 2% 12/01/2051,1.98
,CANADA GOVERNMENT OF 3.5% 12/01/2057,1.92
,CANADA GOVERNMENT OF 5% 06/01/2037,1.50
,CANADA GOVERNMENT OF 2.75% 12/01/2048,1.41
,CANADA GOVERNMENT OF 4% 06/01/2041,1.14
,NET OTHER ASSETS,1.03
,Fidelity Canadian Money Market Investment Trust - Series O,0.84
,CANADA GOVERNMENT OF 1.75% 12/01/2053,0.80
,CANADA GOVERNMENT OF 2.75% 12/01/2055,0.76
,CANADA GOVERNMENT OF 3.5% 12/01/2036,0.70
,QUEBEC PROVINCE CDA 2.85% 12/01/2053,0.69
,ENBRIDGE INC 3.1% 09/21/2033,0.68
,CANADA GOVERNMENT OF 2.75% 12/01/2064,0.68
,CANADA GOVERNMENT OF 3.5% 12/01/2045,0.63
,ONTARIO PROVINCE CDA 4.7% 06/02/2037,0.57
,ONTARIO PROVINCE CDA 3.95% 12/02/2035,0.53
,ONTARIO PROVINCE CDA 1.9% 12/02/2051,0.52
,ONTARIO PROVINCE CDA 3.45% 06/02/2045,0.50
,TRANSCANADA PIPELINES LTD 3.8% 04/05/2027,0.50
,NEXTERA ENERGY CAP HLDGS INC 4.67% 06/12/2035,0.48
,QUEBEC PROVINCE CDA 3.5% 12/01/2048,0.48
,CANADIAN IMPERIAL BK OF COMM 5.33%/VAR 01/20/2033,0.47
,ONTARIO PROVINCE CDA 3.5% 06/02/2043,0.46
,ONTARIO PROVINCE CDA 3.4% 09/08/2028,0.45
,ONTARIO PROVINCE CDA 3.9% 06/02/2036,0.45
,ONTARIO PROVINCE CDA 2.6% 06/02/2027,0.45
,QUEBEC PROVINCE CDA 3.5% 12/01/2045,0.44
,ONTARIO PROVINCE CDA 4.15% 12/02/2054,0.43
,ONTARIO PROVINCE CDA 4.6% 12/02/2055,0.43
,ONTARIO PROVINCE CDA 2.05% 06/02/2030,0.42
,ONTARIO PROVINCE CDA 2.9% 12/02/2046,0.42
,QUEBEC PROVINCE CDA 4% 09/01/2035,0.42
,ONTARIO PROVINCE CDA 4.65% 06/02/2041,0.41
,ONTARIO PROVINCE CDA 2.9% 06/02/2049,0.41
,QUEBEC PROVINCE CDA 4.4% 12/01/2055,0.41
,BELL TELEPHONE CO OF CANADA OR BELL CANADA/THE 5.15% 08/24/2034,0.40
,ALBERTA PROVINCE CDA 2.05% 06/01/2030,0.40
,HYDRO-QUEBEC 2.1% 02/15/2060,0.40
,GENERAL MTRS FINL CDA LTD 5.2% 02/09/2028,0.40
,QUEBEC PROVINCE CDA 4.45% 09/01/2034,0.38
,INTER PIPELINE LTD/AB 4.232% 06/01/2027,0.38
,AT&T INC 4.5% 03/12/2036,0.38
,QUEBEC PROVINCE CDA 6.25% 06/01/2032,0.38
,ONTARIO PROVINCE CDA 4.15% 06/02/2034,0.37
,ENBRIDGE INC 6.625%/VAR 04/12/2078,0.37
,ONTARIO PROVINCE CDA 4.1% 10/07/2054,0.36
,HYDRO-QUEBEC 5% 02/15/2050,0.35
,BANK OF NOVA SCOTIA 3.934%/VAR 05/03/2032,0.35
,BANK OF MONTREAL QUE 6.034%/VAR 09/07/2033,0.34
,QUEBEC PROVINCE CDA 4.2% 12/01/2057,0.34
,BELL TELEPHONE CO OF CANADA OR BELL CANADA/THE 3% 03/17/2031,0.34
,ROGERS COMMUNICATIONS INC 3.65% 03/31/2027,0.33
,QUEBEC PROVINCE CDA 5.75% 12/01/2036,0.33
,ONTARIO PROVINCE CDA 4.45% 12/02/2056,0.32
,BANK OF NOVA SCOTIA 5.679%/VAR 08/02/2033,0.32
,TRANSCANADA PIPELINES LTD 5.277% 07/15/2030 REGS,0.32
,BANK OF MONTREAL QUE 6.534%/VAR 10/27/2032,0.32
,BRITISH COLUMBIA PROVINCE CDA 3.2% 06/18/2032,0.31
,ALBERTA PROVINCE CDA 4.45% 12/01/2054,0.30
,CITIGROUP INC 4.55%/VAR 06/03/2035,0.30
,ONTARIO PROVINCE CDA 2.7% 06/02/2029,0.30
,ONTARIO PROVINCE CDA 2.55% 12/02/2052,0.30
,BRUCE POWER LP 4.27% 12/21/2034,0.29
,ENBRIDGE INC 5.7% 11/09/2027,0.29
,VERIZON COMMUNICATIONS INC 2.375% 03/22/2028,0.28
,FORD CREDIT CANADA CO CIE CREDIT FORD DU CANADA 4.398% 04/09/2029,0.28
,ONTARIO PROVINCE CDA 4.6% 06/02/2039,0.28
,TORONTO DOMINION BANK 7.283%/VAR 10/31/2082,0.28
,BRITISH COLUMBIA PROVINCE CDA 4.45% 12/18/2055,0.27
,QUEBEC PROVINCE CDA 3.9% 11/22/2032,0.27
,BANK OF NOVA SCOTIA 7.023%/VAR 07/27/2082,0.27
,ONTARIO PROVINCE CDA 4% 03/08/2029,0.27
,QUEBEC PROVINCE CDA 5% 12/01/2041,0.27
,BANK OF NOVA SCOTIA 4.223%/VAR 08/01/2036,0.26
,BELL TELEPHONE CO OF CANADA OR BELL CANADA/THE 5.85% 11/10/2032,0.26
,TORONTO DOMINION BANK 3.6%/VAR 10/31/2081,0.26
,QUEBEC PROVINCE CDA 5% 12/01/2038,0.26
,ONTARIO PROVINCE CDA 3.65% 06/02/2033,0.26
,ENBRIDGE INC 3.55% 02/25/2028,0.26
,GREAT WEST LIFECO INC 3.6%/VAR 12/31/2081,0.26
,ALIMENTATION COUCHE-TARD INC 4.603% 01/25/2029,0.25
,BRUCE POWER LP 4% 06/21/2030,0.25
,FORTIS INC 4.09% 03/26/2032,0.25
,CENOVUS ENERGY INC 3.5% 02/07/2028,0.25
,ONTARIO POWER GENERATION INC 4.922% 07/19/2032,0.24
,ENBRIDGE INC 8.747%/VAR 01/15/2084,0.24
,QUEBEC PROVINCE CDA 3.25% 09/01/2032,0.24
,ROGERS COMMUNICATIONS INC 3.75% 04/15/2029,0.24
,CANADIAN UTILITIES LTD 5.45%/VAR 12/22/2055,0.23
,ONTARIO PROVINCE CDA 2.15% 06/02/2031,0.23
,FAIRFAX FINANCIAL HLDGS LTD 4.4% 02/27/2036,0.23
,ONTARIO PROVINCE CDA 3.6% 06/02/2035,0.23
,BROOKFIELD INFRASTRUCTURE FINANCE ULC 2.855% 09/01/2032,0.23
,ROYAL BANK OF CANADA 3.65%/VAR 11/24/2081,0.23
,BRITISH COLUMBIA PROVINCE CDA 3.9% 06/18/2036,0.23
,NEXTERA ENERGY CAP HLDGS INC 4.85% 04/30/2031,0.23
,TELUS CORPORATION 4.95% 03/28/2033,0.23
,TRANSCANADA PIPELINES LTD 3% 09/18/2029 REGS,0.23
,MANULIFE FINANCIAL CORP 7.117%/VAR 06/19/2082,0.23
,HYDRO-QUEBEC 5% 02/15/2045,0.23
,CENOVUS ENERGY INC 4.6% 11/20/2035,0.22
,TRANSCANADA PIPELINES LTD 4.575% 02/20/2035,0.22
,TELUS CORPORATION 4.95% 02/18/2031,0.22
,FORD CREDIT CANADA CO CIE CREDIT FORD DU CANADA 5.441% 02/09/2029,0.22
,ONTARIO PROVINCE CDA 3.6% 03/08/2028,0.22
,ONTARIO PROVINCE CDA 5.6% 06/02/2035,0.21
,KEYERA CORP 4.638% 07/15/2036,0.21
,LOBLAW COS LTD 4.488% 12/11/2028,0.21
,BROOKFIELD RENEWABLE PARTNERS ULC 4.542% 10/12/2035,0.21
,ELECTRICITE DE FRANCE 5.379% 05/17/2034,0.21
,CANADIAN DOLLAR,0.21
,PEMBINA PIPELINE CORP 5.21% 01/12/2034,0.21
,AMAZON.COM INC 3.4% 06/12/2029,0.21
,LOBLAW COS LTD 5.008% 09/13/2032,0.21
,BRITISH COLUMBIA PROVINCE CDA 2.75% 06/18/2052,0.21
,ONTARIO PROVINCE CDA 3.75% 06/02/2032,0.21
,ONTARIO PROVINCE CDA 2.8% 06/02/2048,0.21
,HYDRO-QUEBEC 3.4% 09/01/2029,0.21
,CANADIAN IMPERIAL BK OF COMM 3.65%/VAR 01/13/2032,0.20
,ROYAL BANK OF CANADA 5.096%/VAR 04/03/2034,0.20
,ROYAL BANK OF CANADA 5.228% 06/24/2030,0.20
,TELUS CORPORATION 5.25% 11/15/2032,0.20
,MANULIFE FINANCIAL CORP 4.1%/VAR 03/19/2082,0.20
,NATIONAL GRID ELEC TRANSM PLC 2.301% 06/22/2029 REGS,0.20
,ENBRIDGE INC 3.2% 06/08/2027,0.20
,PEMBINA PIPELINE CORP 4.24% 06/15/2027 REGS,0.20
,TELUS CORPORATION 4.65% 08/13/2031,0.20
,QUEBEC PROVINCE CDA 3.1% 12/01/2051,0.20
,MCDONALDS CORP 4.857% 05/21/2031,0.20
,CANADA GOVERNMENT OF 3.75% 06/01/2059,0.20
,INTER PIPELINE LTD 4.651% 02/13/2036,0.20
,KEYERA CORP 3.934% 06/21/2028,0.20
,BRITISH COLUMBIA PROVINCE CDA 4% 06/18/2035,0.20
,TORONTO DOMINION BANK 4.002%/VAR 10/31/2030,0.19
,BELL TELEPHONE CO OF CANADA OR BELL CANADA/THE 2.2% 05/29/2028,0.19
,BANK OF MONTREAL QUE 4.42% 07/17/2029,0.19
,CANADIAN PAC RY CO 4% 06/13/2032,0.19
,BRITISH COLUMBIA PROVINCE CDA 2.8% 06/18/2048,0.19
,PEMBINA PIPELINE CORP 4.02% 03/27/2028 REGS,0.19
,ONTARIO PROVINCE CDA 2.9% 06/02/2028,0.19
,FORD CREDIT CANADA CO CIE CREDIT FORD DU CANADA 5.582% 05/23/2031,0.19
,ALBERTA PROVINCE CDA 3.05% 12/01/2048,0.19
,TORONTO DOMINION BANK 5.909%/VAR 01/31/2085,0.19
,TELUS CORPORATION 2.85% 11/13/2031 REGS,0.19
,QUEBEC PROVINCE CDA 2.3% 09/01/2029,0.19
,CANADIAN NATL RESOURCES LTD 4.55% 02/08/2036,0.18
,ROGERS COMMUNICATIONS INC 5.7% 09/21/2028,0.18
,NATIONAL BANK OF CANADA 4.333%/VAR 08/15/2035,0.18
,LOBLAW COS LTD 3.564% 12/12/2029,0.18
,CREDIT AGRICOLE SA 4.186%/VAR 10/15/2035,0.18
,BELL TELEPHONE CO OF CANADA OR BELL CANADA/THE 3.8% 08/21/2028,0.18
,ONTARIO POWER GENERATION INC 2.977% 09/13/2029,0.18
,VENTAS CDA FIN LTD 2.45% 01/04/2027,0.18
,SAGEN MI CANADA INC 2.955% 03/01/2027,0.18
,LOBLAW COS LTD 4.387% 06/16/2035,0.18
,BRUCE POWER LP 4.132% 06/21/2033,0.18
,ROGERS COMMUNICATIONS INC 5.9% 09/21/2033,0.18
,ONTARIO PROVINCE CDA 2.65% 12/02/2050,0.18
,BANK OF MONTREAL QUE 7.325%/VAR 11/26/2082,0.18
,BELL TELEPHONE CO OF CANADA OR BELL CANADA/THE 5.25% 03/15/2029,0.18
,TRANSCANADA PIPELINES LTD 5.2%/VAR 02/15/2056,0.18
,BELL TELEPHONE CO OF CANADA OR BELL CANADA/THE 3.6% 09/29/2027,0.17
,FAIRFAX FINANCIAL HLDGS LTD 4.25% 12/06/2027,0.17
,FAIRFAX FINANCIAL HLDGS LTD 3.95% 03/03/2031,0.17
,TORONTO DOMINION BANK 5.918%/VAR 07/31/2086,0.17
,METRO INC 3.998% 11/27/2029,0.17
,BRITISH COLUMBIA PROVINCE CDA 1.55% 06/18/2031,0.17
,ONTARIO PROVINCE CDA 3.8% 12/02/2034,0.17
,BRITISH COLUMBIA PROVINCE CDA 4.6% 06/18/2057,0.17
,CANADIAN PAC RY CO 4.4% 01/13/2036,0.17
,MCDONALDS CORP 4.107% 08/21/2032,0.17
,ENBRIDGE INC 4.35% 02/26/2036,0.17
,VW CREDIT CANADA INC 5.73% 09/20/2028 REGS,0.17
,GLENCORE FINANCE CANADA LTD 4.045% 10/10/2032,0.17
,EQUINIX CANADA FINANCING LTD 4.75% 05/15/2035,0.17
,NATIONAL BANK OF CANADA 4.26%/VAR 02/15/2035,0.17
,PEMBINA PIPELINE CORP 3.31% 02/01/2030,0.17
,INTER PIPELINE LTD/AB 3.983% 11/25/2031,0.16
,ROGERS COMMUNICATIONS INC 5.8% 09/21/2030,0.16
,QUEBEC PROVINCE CDA 1.5% 09/01/2031,0.16
,HYDRO-QUEBEC 3.55% 09/01/2032,0.16
,ALBERTA PROVINCE CDA 3.1% 06/01/2050,0.16
,CANADIAN IMPERIAL BK OF COMM 7.15%/VAR 07/28/2082,0.16
,CANADIAN IMPERIAL BK OF COMM 4.15%/VAR 04/02/2035,0.16
,MONDELEZ INTL INC 4.625% 07/03/2031,0.16
,ENBRIDGE INC 5%/VAR 01/19/2082,0.16
,VW CREDIT CANADA INC 4.21% 08/19/2027,0.16
,ONTARIO PROVINCE CDA 4.05% 02/02/2032,0.16
,MANITOBA PROVINCE CDA 4.1% 03/05/2041,0.16
,407 INTERNATIONAL INC 5.75% 02/14/2036,0.16
,ONTARIO POWER GENERATION INC 4.319% 03/13/2035,0.16
,ONTARIO PROVINCE CDA 4.1% 03/04/2033,0.16
,TELUS CORPORATION 5.1% 02/15/2034,0.16
,ENBRIDGE INC 5.15%/VAR 12/17/2055,0.16
,ENBRIDGE INC 4.9% 05/26/2028,0.16
,BRITISH COLUMBIA PROVINCE CDA 2.95% 06/18/2050,0.16
,TRANSCANADA PIPELINES LTD 4.609% 06/24/2036,0.15
,KEYERA CORP 4.569% 10/15/2035,0.15
,BRITISH COLUMBIA PROVINCE CDA 4.25% 12/18/2053,0.15
,EQUINIX CANADA FINANCING LTD 4% 11/15/2032,0.15
,CAPITAL PWR CORP 5.973% 01/25/2034,0.15
,BRUCE POWER LP 4.99% 12/21/2032,0.15
,BRITISH COLUMBIA PROVINCE CDA 3.2% 06/18/2044,0.15
,GENERAL MTRS FINL CDA LTD 4.45% 02/25/2030,0.15
,VIDEOTRON LTD 5% 07/15/2034,0.15
,ENBRIDGE INC 3.9% 02/25/2030,0.15
,INTER PIPELINE LTD/AB 6.38% 02/17/2033,0.15
,NOVA SCOTIA POWER INC 4.951% 11/15/2032,0.15
,SAPUTO INC 5.25% 11/29/2029,0.15
,BELL TELEPHONE CO OF CANADA OR BELL CANADA/THE 4.55% 02/09/2030,0.15
,TELUS CORPORATION 2.05% 10/07/2030,0.15
,HYDRO-QUEBEC 4% 02/15/2063,0.15
,BANK OF MONTREAL QUE 4.309% 06/01/2027,0.15
,TRANSCANADA PIPELINES LTD 5.33% 05/12/2032,0.15
,INTER PIPELINE LTD/AB 6.59% 02/09/2034,0.15
,CENOVUS ENERGY INC 4.25% 03/20/2033,0.15
,ENBRIDGE INC 6.1% 11/09/2032,0.15
,FORD CREDIT CANADA CO CIE CREDIT FORD DU CANADA 5.668% 02/20/2030,0.15
,KEYERA CORP 5.022% 03/28/2032,0.15
,ALBERTA PROVINCE CDA 3.15% 06/01/2032,0.15
,BANK OF MONTREAL QUE 5.625%/VAR 05/26/2082,0.14
,CAPITAL PWR CORP 4.424% 02/08/2030,0.14
,ALBERTA PROVINCE CDA 4.15% 06/01/2033,0.14
,CNH INDUSTRIAL CAPITAL CANADA LTD 4% 04/11/2028,0.14
,BROOKFIELD INFRASTRUCTURE FINANCE ULC 5.616% 11/14/2027,0.14
,CANADIAN IMPERIAL BK OF COMM 5.35%/VAR 04/20/2033,0.14
,MANITOBA PROVINCE CDA 4.4% 09/05/2055,0.14
,SOUTH BOW CANADIAN INFRASTRUCTURE HOLDINGS LTD 4.933% 02/01/2035,0.14
,TORONTO DOMINION BANK 1.896% 09/11/2028,0.14
,NATIONAL BANK OF CANADA 5.279%/VAR 02/15/2034,0.14
,FEDERATION DES CAISE DESJARDIN 3.804% 09/24/2029,0.14
,GENERAL MTRS FINL CDA LTD 5.1% 07/14/2028,0.14
,VERIZON COMMUNICATIONS INC 2.5% 05/16/2030,0.14
,ROGERS COMMUNICATIONS INC 4.25% 04/15/2032,0.14
,CHOICE PROPERTIES REAL ESTATE INVESTMENT TRUST 4.628% 08/08/2035,0.14
,SUMISHO AIR LEASE CORP 5.4% 06/01/2028,0.14
,QUEBEC PROVINCE CDA 1.9% 09/01/2030,0.14
,HYDRO-QUEBEC 4% 02/15/2065,0.14
,BMW CDA INC 3.35% 04/01/2027,0.14
,CGI INC 3.987% 09/07/2027,0.14
,FINNING INTERNATIONAL INC 4.445% 05/16/2028,0.14
,NOVERCO INC 4.568% 01/28/2035,0.14
,BRITISH COLUMBIA PROVINCE CDA 4.7% 06/18/2037,0.14
,GIBSON ENERGY INC 5.75% 07/12/2033,0.14
,BROOKFIELD RENEWABLE PARTNERS ULC 3.38% 01/15/2030,0.13
,NEW BRUNSWICK PROVINCE CANADA 3.95% 06/03/2035,0.13
,HYDRO-QUEBEC 6.5% 02/15/2035,0.13
,GLENCORE FDG LLC 4% 07/28/2031,0.13
,BROOKFIELD INFRASTRUCTURE FINANCE ULC 5.71% 07/27/2030,0.13
,RELIANCE LP 5.25% 05/15/2031,0.13
,CANADIAN PAC RY CO 2.54% 02/28/2028,0.13
,TRANSCANADA TRUST 4.65%/VAR 05/18/2077,0.13
,ALTAGAS LTD 2.166% 03/16/2027,0.13
,SOUTH BOW CANADIAN INFRASTRUCTURE HOLDINGS LTD 4.323% 02/01/2030,0.13
,BNP PARIBAS 4.487%/VAR 09/03/2035,0.13
,NATIONAL BANK OF CANADA 6.067%/VAR 08/16/2086,0.13
,BANK OF NOVA SCOTIA 4.95%/VAR 08/01/2034,0.13
,CANADIAN NATL RESOURCES LTD 3.3% 12/08/2028,0.13
,FORTIS INC 4.171% 09/09/2031,0.13
,BELL TELEPHONE CO OF CANADA OR BELL CANADA/THE 4.7% 03/14/2036,0.13
,ROYAL BANK OF CANADA 5.235% 11/02/2026,0.13
,ROYAL BANK OF CANADA 7.408%/VAR PERP,0.13
,MOLSON COORS INTL LP 4.3% 07/08/2033,0.13
,VIDEOTRON LTD 4.65% 07/15/2029,0.13
,BPCE SA 4.68%/VAR 04/15/2036,0.13
,CNH INDUSTRIAL CAPITAL CANADA LTD 4.8% 03/25/2027,0.13
,CHOICE PROPERTIES REAL ESTATE INVESTMENT TRUST 6.003% 06/24/2032,0.13
,BANK OF NOVA SCOTIA 3.734%/VAR 06/27/2031,0.13
,TORONTO DOMINION BANK 3.605%/VAR 09/10/2031,0.12
,SAPUTO INC 5.492% 11/20/2030,0.12
,ENBRIDGE INC 5.36% 05/26/2033,0.12
,FORTIS INC 5.1%/VAR 12/04/2055,0.12
,VIDEOTRON LTD 3.125% 01/15/2031,0.12
,ONTARIO PROVINCE CDA 6.2% 06/02/2031,0.12
,BELL TELEPHONE CO OF CANADA OR BELL CANADA/THE 2.9% 09/10/2029,0.12
,NATIONAL BANK OF CANADA 5.426%/VAR 08/16/2032,0.12
,CANADIAN IMPERIAL BK OF COMM 4%/VAR 01/28/2082,0.12
,CANADIAN NATL RESOURCES LTD 4.15% 12/15/2031,0.12
,CAPITAL PWR CORP 4.831% 09/16/2031,0.12
,HYDRO-QUEBEC 4% 02/15/2055,0.12
,CHOICE PROPERTIES REAL ESTATE INVESTMENT TRUST 5.699% 02/28/2034,0.12
,MANITOBA PROVINCE CDA 4.25% 06/02/2034,0.12
,BANK OF MONTREAL QUE 7.057%/VAR PERP,0.12
,BRITISH COLUMBIA PROVINCE CDA 2.2% 06/18/2030,0.12
,CANADIAN PAC RY CO 3.15% 03/13/2029 REGS,0.12
,TRANSCANADA PIPELINES LTD 3.39% 03/15/2028 REGS,0.12
,SAPUTO INC 2.242% 06/16/2027,0.12
,PEMBINA PIPELINE CORP 3.53% 12/10/2031,0.12
,INTER PIPELINE LTD/AB 5.71% 05/29/2030,0.12
,RELIANCE LP 4.39% 04/16/2032,0.12
,ROYAL BANK OF CANADA 2.328% 01/28/2027,0.12
,METRO INC 4.657% 02/07/2033,0.12
,ALIMENTATION COUCHE-TARD INC 3.864% 09/26/2032,0.12
,NATIONAL GRID ELEC TRANSM PLC 5.221% 09/16/2031 REGS,0.12
,ENBRIDGE INC 3.57% 02/26/2031,0.12
,TORONTO DOMINION BANK 3.06%/VAR 01/26/2032 REGS,0.12
,ONTARIO PROVINCE CDA 1.55% 11/01/2029,0.11
,CAPITAL PWR CORP 4.231% 01/14/2033,0.11
,GILDAN ACTIVEWEAR INC 4.149% 11/22/2030,0.11
,FORD CREDIT CANADA CO CIE CREDIT FORD DU CANADA 5.242% 05/23/2028,0.11
,QUEBEC PROVINCE CDA 4.25% 12/01/2043,0.11
,BROOKFIELD INFRASTRUCTURE FINANCE ULC 4.526% 09/24/2035,0.11
,PEMBINA PIPELINE CORP 5.22% 06/28/2033,0.11
,QUEBEC PROVINCE CDA 3.6% 09/01/2033,0.11
,CAPITAL PWR CORP 3.147% 10/01/2032,0.11
,TELUS CORPORATION 5.75% 09/08/2033,0.11
,KEYERA CORP 4.204% 04/15/2033,0.11
,407 INTERNATIONAL INC 4.45% 08/14/2031 REGS,0.11
,GENERAL MTRS FINL CDA LTD 5% 02/09/2029,0.11
,METRO INC 5.97% 10/15/2035,0.11
,BELL TELEPHONE CO OF CANADA OR BELL CANADA/THE 6.17% 02/26/2037,0.11
,ALIMENTATION COUCHE-TARD INC 5.592% 09/25/2030,0.11
,INTER PIPELINE LTD/AB 5.849% 05/18/2032,0.11
,BRITISH COLUMBIA PROVINCE CDA 4.3% 06/18/2042,0.11
,MANITOBA PROVINCE CDA 4.6% 09/05/2057,0.11
,ALTAGAS LTD 5.141% 03/14/2034,0.11
,SUNCOR ENERGY INC 2.95% 11/14/2027,0.11
,KEYERA CORP 3.959% 05/29/2030,0.11
,CNH INDUSTRIAL CAPITAL CANADA LTD 3.75% 06/05/2029,0.11
,FORTIS INC 2.18% 05/15/2028,0.11
,VIDEOTRON LTD 3.95% 10/15/2032,0.11
,SASKATCHEWAN PROV CDA 3.3% 06/02/2048,0.11
,ROGERS COMMUNICATIONS INC 4.4% 11/02/2028,0.10
,TOYOTA CR CDA INC 5.16% 07/12/2028 REGS,0.10
,NOVA SCOTIA PROVINCE CDA 4.75% 12/01/2054,0.10
,SASKATCHEWAN PROV CDA 4.2% 12/02/2054,0.10
,FAIRFAX FINANCIAL HLDGS LTD 4.73% 11/22/2034,0.10
,BROOKFIELD INFRASTRUCTURE FINANCE ULC 4.193% 09/11/2028,0.10
,BRITISH COLUMBIA PROVINCE CDA 3.55% 06/18/2033,0.10
,FAIRFAX FINANCIAL HLDGS LTD 4.45% 08/14/2035,0.10
,TRANSCANADA PIPELINES LTD 5.125%/VAR 08/20/2056,0.10
,TORONTO DOMINION BANK 5.491% 09/08/2028,0.10
,BROOKFIELD RENEWABLE PARTNERS ULC 5.88% 11/09/2032,0.10
,SASKATCHEWAN PROV CDA 3.8% 06/02/2035,0.10
,CAMECO CORP 2.95% 10/21/2027,0.10
,NEXTERA ENERGY CAP HLDGS INC 3.83% 06/12/2030,0.10
,COGECO COMMUNICATIONS INC 2.991% 09/22/2031,0.10
,CANADIAN IMPERIAL BK OF COMM 5.3%/VAR 01/16/2034,0.10
,MANITOBA PROVINCE CDA 2.05% 09/05/2052,0.10
,VIDEOTRON LTD 4.5% 01/15/2030,0.10
,ENMAX CORP 4.695% 10/09/2034,0.10
,BROOKFIELD RENEWABLE PARTNERS ULC 3.63% 01/15/2027,0.10
,ROYAL BANK OF CANADA 2.14%/VAR 11/03/2031,0.10
,ENBRIDGE INC 4.73% 08/22/2034,0.10
,SASKATCHEWAN PROV CDA 4.75% 06/01/2040,0.10
,NATIONAL BANK OF CANADA 3.522%/VAR 07/17/2029,0.10
,VW CREDIT CANADA INC 4.25% 02/18/2028 REGS,0.10
,BELL TELEPHONE CO OF CANADA OR BELL CANADA/THE 6.1% 03/16/2035,0.10
,QUEBEC PROVINCE CDA 3.65% 05/20/2032,0.10
,SASKATCHEWAN PROV CDA 3.1% 06/02/2050,0.10
,CHOICE PROPERTIES REAL ESTATE INVESTMENT TRUST 3.532% 06/11/2029,0.10
,NOVA SCOTIA PROVINCE CDA 3.85% 06/01/2035,0.09
,CANADIAN IMPERIAL BK OF COMM 5.898%/VAR 01/28/2086,0.09
,CGI INC 4.147% 09/05/2029,0.09
,MANITOBA PROVINCE CDA 3.7% 06/02/2035,0.09
,BRITISH COLUMBIA PROVINCE CDA 4.15% 06/18/2034,0.09
,TELUS CORPORATION 5.6% 09/09/2030,0.09
,GILDAN ACTIVEWEAR INC 3.63% 03/13/2028,0.09
,CHOICE PROPERTIES REAL ESTATE INVESTMENT TRUST 5.03% 02/28/2031,0.09
,NOVA SCOTIA POWER INC 3.947% 04/17/2031,0.09
,TERANET HLDGS LP 4.641% 03/07/2032,0.09
,VW CREDIT CANADA INC 4.42% 08/20/2029,0.09
,CAMECO CORP 4.94% 05/24/2031,0.09
,NATIONAL BANK OF CANADA 3.441%/VAR 10/21/2031,0.09
,PEMBINA PIPELINE CORP 5.02% 01/12/2032,0.09
,ALBERTA PROVINCE CDA 3.45% 12/01/2043,0.09
,NEW BRUNSWICK PROVINCE CANADA 4.8% 06/03/2041,0.09
,TELUS CORPORATION 5% 09/13/2029,0.09
,HYDRO-QUEBEC 6% 02/15/2040,0.09
,COGECO COMMUNICATIONS INC 5.299% 02/16/2033,0.09
,MANULIFE FINANCIAL CORP 5.409%/VAR 03/10/2033,0.09
,LOBLAW COS LTD 6.15% 01/29/2035 144A REGS,0.09
,ATKINSREALIS GROUP INC 4.411% 06/15/2031,0.09
,BANK OF NOVA SCOTIA 2.95% 03/08/2027,0.09
,TRANSCANADA TRUST 4.2%/VAR 03/04/2081,0.09
,ENBRIDGE INC 8.495%/VAR 01/15/2084,0.09
,CANADIAN IMPERIAL BK OF COMM 6.987%/VAR 07/28/2084,0.08
,NEWFOUNDLAND PROVINCE CDA 4.1% 10/17/2054,0.08
,ONTARIO POWER GENERATION INC 3.215% 04/08/2030,0.08
,ROYAL BANK OF CANADA 4.464%/VAR 10/17/2035,0.08
,NATIONAL BANK OF CANADA 7.5%/VAR 11/16/2082,0.08
,ENBRIDGE INC 2.99% 10/03/2029,0.08
,NOVA SCOTIA PROVINCE CDA 4.4% 06/01/2042,0.08
,TRISUMMIT UTILITIES INC 4.26% 12/05/2028,0.08
,ATKINSREALIS GROUP INC 4.756% 03/15/2033,0.08
,CANADA GOVERNMENT OF 3.5% 12/01/2056,0.08
,ENBRIDGE INC 2.82% 05/12/2031,0.08
,NEWFOUNDLAND PROVINCE CDA 4% 06/02/2035,0.08
,GIBSON ENERGY INC 4.45% 01/09/2034,0.08
,NEW BRUNSWICK PROVINCE CANADA 3.95% 08/14/2032,0.08
,QUEBEC PROVINCE CDA 4% 09/01/2036,0.08
,GIBSON ENERGY INC 4.45% 11/12/2031,0.08
,MANITOBA PROVINCE CDA 3.4% 09/05/2048,0.08
,BROOKFIELD INFRASTRUCTURE FINANCE ULC 5.439% 04/25/2034,0.08
,LOBLAW COS LTD 2.284% 05/07/2030,0.08
,BELL TELEPHONE CO OF CANADA OR BELL CANADA/THE 7.3% 02/23/2032 144A,0.08
,SUN LIFE FINL INC 4.56%/VAR 12/03/2040,0.08
,FORD CREDIT CANADA CO CIE CREDIT FORD DU CANADA 4.819% 09/11/2028,0.08
,NEW BRUNSWICK PROVINCE CANADA 5% 08/14/2054,0.08
,GIBSON ENERGY INC 3.6% 09/17/2029,0.08
,BANK OF NOVA SCOTIA 4.68% 02/01/2029,0.08
,CHOICE PROPERTIES REAL ESTATE INVESTMENT TRUST 5.4% 03/01/2033,0.08
,FORTIS INC 5.677% 11/08/2033,0.08
,CANADIAN IMPERIAL BK OF COMM 6.369%/VAR 04/28/2085,0.08
,CHOICE PROPERTIES REAL ESTATE INVESTMENT TRUST 4.178% 03/08/2028,0.08
,ROYAL BANK OF CANADA 3.572%/VAR 12/09/2031,0.08
,FINNING INTERNATIONAL INC 4.778% 02/13/2029,0.07
,NOVA SCOTIA PROVINCE CDA 4.6% 12/01/2055,0.07
,TERANET HLDGS LP 5.01% 03/07/2035,0.07
,CANADIAN TIRE LTD 5.372% 09/16/2030,0.07
,BROOKFIELD INFRASTRUCTURE FINANCE ULC 3.41% 10/09/2029,0.07
,ALTAGAS LTD 2.477% 11/30/2030,0.07
,ALBERTA PROVINCE CDA 3.95% 06/01/2035,0.07
,ROGERS COMMUNICATIONS INC 3.25% 05/01/2029,0.07
,ROYAL BANK OF CANADA 6.698%/VAR PERP,0.07
,ENBRIDGE GAS INC 5.7% 10/06/2033,0.07
,BANK OF MONTREAL QUE 4.077%/VAR 03/05/2035,0.07
,ENBRIDGE INC 4.56% 02/25/2035,0.07
,FORD CREDIT CANADA CO CIE CREDIT FORD DU CANADA 6.382% 11/10/2028,0.07
,BANK OF NOVA SCOTIA 3.807%/VAR 11/15/2028,0.07
,FAIRFAX FINANCIAL HLDGS LTD 4.23% 06/14/2029,0.07
,ALBERTA PROVINCE CDA 2.9% 12/01/2028,0.07
,ENBRIDGE INC 3.52% 02/22/2029,0.07
,ONTARIO POWER GENERATION INC 3.315% 10/04/2027,0.07
,ROYAL BANK OF CANADA 5.01%/VAR 02/01/2033,0.07
,LOBLAW COS LTD 5.9% 01/18/2036,0.07
,HYDRO ONE INC 2.23% 09/17/2031,0.07
,VW CREDIT CANADA INC 4.49% 11/19/2029 REGS,0.07
,INTER PIPELINE LTD/AB 5.76% 02/17/2028,0.07
,BRUCE POWER LP 4.01% 06/21/2029,0.07
,METRO INC 3.469% 02/25/2031,0.07
,FORD CREDIT CANADA CO CIE CREDIT FORD DU CANADA 5.046% 01/09/2032,0.07
,BELL TELEPHONE CO OF CANADA OR BELL CANADA/THE 4.4% 03/30/2033,0.07
,BRUCE POWER LP 4.41% 12/21/2035,0.07
,BANK OF AMERICA CORPORATION 2.598%/VAR 04/04/2029,0.07
,QUEBEC PROVINCE CDA 6% 10/01/2029,0.07
,BROOKFIELD INFRASTRUCTURE FINANCE ULC 5.98% 02/14/2033,0.07
,FINNING INTERNATIONAL INC 4.231% 08/12/2031,0.07
,EQUINIX CANADA FINANCING LTD 3.95% 05/15/2030,0.07
,BROOKFIELD RENEWABLE PARTNERS ULC 5.292% 10/28/2033,0.07
,SASKATCHEWAN PROV CDA 2.15% 06/02/2031,0.07
,GRANITE REIT HLDGS LTD PRTNR 2.378% 12/18/2030,0.07
,ALBERTA PROVINCE CDA 3.3% 12/01/2046,0.07
,ALBERTA PROVINCE CDA 2.95% 06/01/2052,0.07
,MANITOBA PROVINCE CDA 2.05% 06/02/2031,0.07
,ONTARIO PROVINCE CDA 3.85% 12/02/2036,0.07
,MANITOBA PROVINCE CDA 3.8% 06/02/2036,0.07
,MANITOBA PROVINCE CDA 2.85% 09/05/2046,0.06
,ALBERTA PROVINCE CDA 2.55% 06/01/2027,0.06
,TORONTO DOMINION BANK 4.21% 06/01/2027,0.06
,NEWFOUNDLAND PROVINCE CDA 3.85% 12/02/2034,0.06
,NEWFOUNDLAND PROVINCE CDA 3.3% 10/17/2046,0.06
,IA FINANCIAL CORP INC 6.921%/VAR 09/30/2084,0.06
,QUEBEC PROVINCE CDA 1.85% 02/13/2027,0.06
,AVIVA PLC 4% 10/02/2030 REGS,0.06
,BRUCE POWER LP 4.7% 06/21/2031,0.06
,BELL TELEPHONE CO OF CANADA OR BELL CANADA/THE 7.85% 04/02/2031,0.06
,TERANET HLDGS LP 3.719% 02/23/2029,0.06
,TELUS CORPORATION 4.8% 12/15/2028,0.06
,GENERAL MTRS FINL CDA LTD 3.8% 11/07/2030,0.06
,SUNCOR ENERGY INC 3.55% 11/14/2030,0.06
,COGECO COMMUNICATIONS INC 4.743% 02/06/2035,0.06
,TORONTO DOMINION BANK 4.133%/VAR 01/09/2033,0.06
,NATIONAL BANK OF CANADA 3.308%/VAR 08/15/2028,0.06
,RELIANCE LP 2.67% 08/01/2028,0.06
,MANITOBA PROVINCE CDA 4.05% 09/05/2045,0.06
,SASKATCHEWAN PROV CDA 4.4% 12/02/2056,0.06
,VENTAS CDA FIN LTD 3.3% 12/01/2031,0.06
,NOVA SCOTIA PROVINCE CDA 3.15% 12/01/2051,0.06
,GIBSON ENERGY INC 4.45% 08/20/2032,0.06
,FORTISALBERTA INC 6.22% 10/31/2034,0.06
,ONTARIO PROVINCE CDA 3.75% 12/02/2053,0.06
,CANADIAN NATL RESOURCES LTD 3.75% 02/08/2031,0.06
,ENBRIDGE INC 4.21% 02/22/2030,0.06
,SUNCOR ENERGY INC 5% 04/09/2030,0.06
,CANADIAN IMPERIAL BK OF COMM 3.9%/VAR 06/20/2031,0.06
,COGECO COMMUNICATIONS INC 5.299% 02/16/2033,0.06
,ALBERTA PROVINCE CDA 3.75% 06/01/2036,0.06
,BRUCE POWER LP 2.68% 12/21/2028,0.06
,NATIONAL BANK OF CANADA 2.237% 11/04/2026,0.06
,INTACT FINL CORP 7.338%/VAR 06/30/2083,0.06
,BRITISH COLUMBIA PROVINCE CDA 4.95% 06/18/2040,0.06
,FEDERATION DES CAISE DESJARDIN 4.264%/VAR 01/24/2035 REGS,0.05
,PEMBINA PIPELINE CORP 3.62% 04/03/2029 REGS,0.05
,CANADIAN IMPERIAL BK OF COMM 4.9%/VAR 06/12/2034,0.05
,BROOKFIELD INFRASTRUCTURE FINANCE ULC 3.7% 01/06/2031,0.05
,GRANITE REIT HLDGS LTD PRTNR 3.062% 06/04/2027,0.05
,TRISUMMIT UTILITIES INC 4.4% 11/14/2035,0.05
,CNH INDUSTRIAL CAPITAL CANADA LTD 3.8% 01/22/2030,0.05
,PROLOGIS LP 3.6% 02/15/2032,0.05
,NEW BRUNSWICK PROVINCE CANADA 4.25% 08/14/2029,0.05
,ENMAX CORP 3.771% 06/06/2030,0.05
,ALBERTA PROVINCE CDA 1.65% 06/01/2031,0.05
,NATIONAL GRID ELEC TRANSM PLC 4.716% 08/12/2036 REGS,0.05
,TELUS CORPORATION 3.3% 05/02/2029,0.05
,NEWFOUNDLAND PROVINCE CDA 4.6% 10/17/2055,0.05
,WELLS FARGO & CO NEW 2.493% 02/18/2027,0.05
,VENTAS CDA FIN LTD 5.1% 03/05/2029,0.05
,MANITOBA PROVINCE CDA 3.2% 03/05/2050,0.05
,NEW BRUNSWICK PROVINCE CANADA 4.8% 09/26/2039,0.05
,TORONTO DOMINION BANK 4.423%/VAR 10/31/2035,0.05
,407 INTERNATIONAL INC 4.11% 10/03/2035,0.05
,SAGEN MI CANADA INC 3.261% 03/05/2031,0.05
,HYDRO ONE INC 4.16% 01/27/2033,0.05
,ROYAL BANK OF CANADA 3.626%/VAR 12/10/2028,0.05
,RELIANCE LP 4.149% 04/18/2033,0.05
,CHOICE PROPERTIES REAL ESTATE INVESTMENT TRUST 2.981% 03/04/2030,0.05
,TELUS CORPORATION 3.15% 02/19/2030,0.05
,BROOKFIELD RENEWABLE PARTNERS ULC 5.45%/VAR 03/12/2055,0.05
,TRANSCANADA PIPELINES LTD 8.05% 02/17/2039,0.05
,SOUTH BOW CANADIAN INFRASTRUCTURE HOLDINGS LTD 4.616% 02/01/2032,0.05
,ALPHABET INC 3.65% 05/15/2031,0.05
,ONTARIO POWER GENERATION INC 4.831% 06/28/2034,0.05
,MANITOBA PROVINCE CDA 3.9% 12/02/2032,0.05
,MANULIFE FINANCIAL CORP 2.818%/VAR 05/13/2035,0.05
,BMW CDA INC 3.08% 02/03/2028,0.05
,ONTARIO PROVINCE CDA 2.25% 12/02/2031,0.05
,ROYAL BANK OF CANADA 4.14%/VAR 05/05/2036,0.05
,NEWFOUNDLAND PROVINCE CDA 3.9% 06/02/2036,0.05
,NEW BRUNSWICK PROVINCE CANADA 4.55% 12/03/2056,0.05
,ROGERS COMMUNICATIONS INC 6.75% 11/09/2039,0.05
,JOHN DEERE FINANCIAL INC 5.17% 09/15/2028,0.05
,BROOKFIELD RENEWABLE PARTNERS ULC 4.959% 10/20/2034,0.04
,ELECTRICITE DE FRANCE 5.993% 05/23/2030 REGS,0.04
,BRITISH COLUMBIA PROVINCE CDA 2.55% 06/18/2027,0.04
,BANK OF NOVA SCOTIA 4.442%/VAR 11/15/2035,0.04
,BANK OF MONTREAL QUE 4.976%/VAR 07/03/2034,0.04
,CANADIAN IMPERIAL BK OF COMM 5.5% 01/14/2028,0.04
,BANK OF MONTREAL QUE 3.731%/VAR 06/03/2031,0.04
,GOLDMAN SACHS GROUP INC (THE) 3.641%/VAR 03/05/2032,0.04
,KEYERA CORP 3.702% 10/15/2030,0.04
,PROLOGIS LP 4.2% 02/15/2033,0.04
,INTACT FINL CORP 5.642%/VAR 03/31/2086,0.04
,CAPITAL PWR CORP 5.816% 09/15/2028,0.04
,MANULIFE BANK OF CANADA 3.717% 05/15/2030,0.04
,TORONTO DOMINION BANK 3.857%/VAR 04/07/2032,0.04
,BANK OF NOVA SCOTIA 3.836%/VAR 09/26/2030,0.04
,CANADIAN NATIONAL RAILWAY CO 4.6% 05/02/2029,0.04
,SAPUTO INC 3.879% 07/02/2030,0.04
,SOBEYS INC 3.1% 10/30/2028,0.04
,HYDRO ONE INC 4.25% 01/04/2035,0.04
,GENERAL MTRS FINL CDA LTD 3.75% 02/20/2031,0.04
,SUNCOR ENERGY INC 5.4% 11/17/2026,0.04
,METRO INC 3.39% 12/06/2027,0.04
,ENMAX CORP 3.876% 10/18/2029,0.04
,TOYOTA CR CDA INC 3.36% 05/23/2028,0.04
,ENBRIDGE INC 5.375%/VAR 09/27/2077,0.04
,ONTARIO PROVINCE CDA 3.65% 02/03/2034,0.04
,BROOKFIELD RENEWABLE PARTNERS ULC 4.256% 08/13/2031,0.04
,GRANITE REIT HLDGS LTD PRTNR 2.194% 08/30/2028,0.04
,BROOKFIELD FINANCE II INC 4.803% 04/21/2036,0.04
,HONDA CDA FIN INC 4.9% 06/04/2029,0.04
,BELL TELEPHONE CO OF CANADA OR BELL CANADA/THE 5.15% 11/14/2028 REGS,0.04
,ROGERS COMMUNICATIONS INC 3.8% 03/01/2027,0.04
,BANK OF MONTREAL QUE 4.166%/VAR 06/15/2034,0.04
,QUEBEC PROVINCE CDA 2.75% 09/01/2027,0.04
,BELL TELEPHONE CO OF CANADA OR BELL CANADA/THE 1.65% 08/16/2027,0.04
,MANULIFE FINANCIAL CORP 5.054%/VAR 02/23/2034,0.04
,FEDERATION DES CAISE DESJARDIN 5.035%/VAR 08/23/2032,0.04
,COREBRIDGE GBL FUNDING 3.758% 06/24/2030 REGS,0.04
,SASKATCHEWAN PROV CDA 3.9% 06/02/2033,0.04
,VW CREDIT CANADA INC 3.81% 11/19/2030,0.04
,GREATER TORONTO ARPTS AUTH 3.26% 06/01/2037,0.04
,BANK OF MONTREAL QUE 4.537% 12/18/2028,0.04
,COASTAL GASLINK PIPELINE LP 5.606% 03/30/2047,0.04
,BROOKFIELD INFRASTRUCTURE FINANCE ULC 5.598%/VAR 09/01/2055,0.04
,NORTH WEST REDWATER PARTNERSHIP / NWR FINANCING CO LTD 4.15% 06/01/2033 REGS,0.04
,SUN LIFE FINL INC 5.5%/VAR 07/04/2035,0.04
,GILDAN ACTIVEWEAR INC 4.711% 11/22/2031,0.04
,NEWFOUNDLAND PROVINCE CDA 2.65% 10/17/2050,0.04
,TOYOTA CR CDA INC 4.46% 03/19/2029,0.04
,CGI INC 2.1% 09/18/2028,0.04
,FORD CREDIT CANADA CO CIE CREDIT FORD DU CANADA 4.222% 01/10/2028,0.04
,ATHENE GLOBAL FUNDING 4.091% 05/23/2030,0.04
,ROYAL BANK OF CANADA 4.632% 05/01/2028,0.04
,CANADIAN IMPERIAL BK OF COMM 5.05% 10/07/2027,0.04
,TORONTO DOMINION BANK 3.842%/VAR 05/29/2031,0.04
,407 INTERNATIONAL INC 4.48% 10/07/2036,0.04
,IA FINANCIAL CORP INC 5.685%/VAR 06/20/2033,0.04
,ATCO LTD 3.878% 05/27/2030,0.04
,SASKATCHEWAN PROV CDA 2.8% 12/02/2052,0.04
,CANADIAN UTILITIES LTD 4.412% 06/24/2035,0.04
,TRISUMMIT UTILITIES INC 3.71% 02/14/2031,0.03
,NEW BRUNSWICK PROVINCE CANADA 3.55% 06/03/2043,0.03
,NEWFOUNDLAND PROVINCE CDA 3.7% 10/17/2048,0.03
,ENBRIDGE INC 7.2% 06/18/2032,0.03
,INTACT FINL CORP 4.653%/VAR 05/16/2034,0.03
,SUN LIFE FINL INC 5.12%/VAR 05/15/2036,0.03
,NEW BRUNSWICK PROVINCE CANADA 3.1% 08/14/2048,0.03
,TOYOTA CR CDA INC 3.31% 08/18/2028,0.03
,SASKATCHEWAN PROV CDA 3.9% 06/02/2045,0.03
,HYUNDAI CAPITAL CANADA INC 3.196% 02/16/2027,0.03
,GOLDMAN SACHS GROUP INC (THE) 4.34%/VAR 03/05/2037,0.03
,TELUS CORPORATION 5.95% 09/08/2053,0.03
,NEWFOUNDLAND PROVINCE CDA 4.15% 06/02/2033,0.03
,NOVA SCOTIA PROVINCE CDA 4.05% 06/01/2033,0.03
,CANADIAN NATL RESOURCES LTD 2.5% 01/17/2028,0.03
,ROYAL BANK OF CANADA 4.371%/VAR 05/01/2037 REGS,0.03
,TRANSCANADA PIPELINES LTD 2.97% 06/09/2031,0.03
,HYUNDAI CAPITAL CANADA INC 5.565% 03/08/2028,0.03
,ENBRIDGE INC 5.57% 11/14/2035,0.03
,WESTCOAST ENERGY INC 7.15% 03/20/2031,0.03
,NOVERCO INC 3.897% 01/28/2033,0.03
,HYDRO ONE INC 3.91% 02/23/2046,0.03
,NOVA SCOTIA POWER INC 5.67% 11/14/2035,0.03
,TRISUMMIT UTILITIES INC 4.48% 04/24/2032,0.03
,SASKATCHEWAN PROV CDA 2.2% 06/02/2030,0.03
,VENTAS CDA FIN LTD 5.398% 04/21/2028,0.03
,TORONTO DOMINION BANK 4.208%/VAR 06/16/2036,0.03
,ROYAL BANK OF CANADA 3.985%/VAR 07/22/2031,0.03
,ALTAGAS LTD 4.672% 01/08/2029,0.03
,MANITOBA PROVINCE CDA 3.8% 09/05/2053,0.03
,TRANSCANADA PIPELINES LTD 4.55% 11/15/2041,0.03
,BROOKFIELD FINANCE II INC 5.431% 12/14/2032 REGS,0.03
,AT&T INC 5.25% 03/12/2056,0.03
,CHOICE PROPERTIES REAL ESTATE INVESTMENT TRUST 2.848% 05/21/2027,0.03
,ROGERS COMMUNICATIONS INC 6.11% 08/25/2040,0.03
,GREATER TORONTO ARPTS AUTH 1.54% 05/03/2028,0.03
,BELL TELEPHONE CO OF CANADA OR BELL CANADA/THE 2.5% 05/14/2030,0.03
,LOBLAW COS LTD 6.54% 02/17/2033 144A,0.03
,BELL TELEPHONE CO OF CANADA OR BELL CANADA/THE 4.7% 11/15/2036,0.03
,NOVA SCOTIA POWER INC 5.95% 07/27/2039,0.03
,SASKATCHEWAN PROV CDA 4.1% 06/02/2036,0.03
,GREATER TORONTO ARPTS AUTH 2.73% 04/03/2029,0.03
,BROOKFIELD RENEWABLE PARTNERS ULC 5.84% 11/05/2036,0.03
,FEDERATION DES CAISE DESJARDIN 5.279%/VAR 05/15/2034,0.03
,NOVA SCOTIA PROVINCE CDA 3.9% 06/01/2036,0.03
,ROYAL BANK OF CANADA 3.411%/VAR 06/12/2029,0.03
,GIBSON ENERGY INC 2.85% 07/14/2027,0.03
,WASTE CONNECTION INC 4.5% 06/14/2029,0.03
,NEW BRUNSWICK PROVINCE CANADA 2.35% 08/14/2027,0.03
,CI FINL CORP 6% 09/20/2027,0.03
,NEWFOUNDLAND PROVINCE CDA 2.85% 06/02/2028,0.02
,BRUCE POWER LP 4.7% 12/21/2027,0.02
,VW CREDIT CANADA INC 5.86% 11/15/2027 REGS,0.02
,TELUS CORPORATION 3.625% 03/01/2028,0.02
,ELECTRICITE DE FRANCE 4.573% 02/06/2035,0.02
,TRANSCANADA PIPELINES LTD 6.5% 12/09/2030,0.02
,NATIONAL BANK OF CANADA 3.637%/VAR 10/07/2027,0.02
,CT REAL ESTATE INVT TR 5.828% 06/14/2028,0.02
,COASTAL GASLINK PIPELINE LP 5.187% 09/30/2034,0.02
,407 INTERNATIONAL INC 4.22% 02/14/2028,0.02
,NEW BRUNSWICK PROVINCE CANADA 3.1% 08/14/2028,0.02
,ENBRIDGE GAS INC 4.15% 08/17/2032,0.02
,NOVA SCOTIA PROVINCE CDA 1.1% 06/01/2028,0.02
,NEW BRUNSWICK PROVINCE CANADA 3.8% 08/14/2045,0.02
,DAIMLER TRUCKS FINANCE CANADA INC 2.46% 12/15/2026 REGS,0.02
,HYDRO ONE INC 3.94% 08/25/2032,0.02
,PEMBINA PIPELINE CORP 5.67% 01/12/2054,0.02
,CU INC 4.085% 09/02/2044,0.02
,CU INC 4.211% 10/29/2055,0.02
,HYDRO ONE INC 4.89% 03/13/2037,0.02
,BANK OF MONTREAL QUE 3.65% 04/01/2027,0.02
,ROYAL BANK OF CANADA 4.612% 07/26/2027,0.02
,CANADIAN IMPERIAL BK OF COMM 6.369%/VAR PERP,0.02
,CHOICE PROPERTIES REAL ESTATE INVESTMENT TRUST 2.456% 11/30/2026,0.02
,BANK OF MONTREAL QUE 3.539%/VAR 03/03/2032,0.02
,EMERA INC 4.838% 05/02/2030,0.02
,HONDA CDA FIN INC 5.73% 09/28/2028,0.02
,ENBRIDGE GAS INC 2.88% 11/22/2027,0.02
,NORTH WEST REDWATER PARTNERSHIP / NWR FINANCING CO LTD 3.75% 06/01/2051 REGS,0.02
,FORD CREDIT CANADA CO CIE CREDIT FORD DU CANADA 4.792% 09/12/2029,0.02
,CANADIAN IMPERIAL BK OF COMM 3.8%/VAR 12/10/2030,0.02
,HYDRO ONE INC 4.8% 11/21/2056,0.02
,WELLS FARGO & CO NEW 5.083%/VAR 04/26/2028,0.02
,FORTISALBERTA INC 5.4% 04/21/2036,0.02
,HYDRO ONE INC 3.9% 11/21/2033,0.02
,CHOICE PROPERTIES REAL ESTATE INVESTMENT TRUST 4.293% 01/16/2030,0.02
,BANK OF NOVA SCOTIA 2.62% 12/02/2026,0.02
,BELL TELEPHONE CO OF CANADA OR BELL CANADA/THE 4.3% 03/14/2033,0.02
,FORTIS INC 4.431% 05/31/2029,0.02
,FORTISALBERTA INC 7.06% 02/14/2039,0.02
,ENBRIDGE INC 4.33% 02/22/2049,0.02
,NEW BRUNSWICK PROVINCE CANADA 2.9% 08/14/2052,0.02
,TORONTO DOMINION BANK 3.687%/VAR 01/09/2032,0.02
,SUN LIFE FINL INC 3.15%/VAR 11/18/2036,0.02
,ROYAL BANK OF CANADA 1.67%/VAR 01/28/2033,0.02
,BROOKFIELD RENEWABLE PARTNERS ULC 4.25% 01/15/2029,0.02
,HYDRO ONE INC 5.36% 05/20/2036,0.02
,CANADIAN IMPERIAL BK OF COMM 4.2%/VAR 04/07/2032,0.02
,ALTAGAS LTD 3.98% 10/04/2027,0.02
,ENBRIDGE GAS INC 3.01% 08/09/2049 REGS,0.02
,NEWFOUNDLAND PROVINCE CDA 3.85% 10/17/2027,0.02
,CU INC 2.963% 09/07/2049,0.02
,SUN LIFE FINL INC 2.58%/VAR 05/10/2032 REGS,0.02
,MANITOBA PROVINCE CDA 2.05% 06/02/2030,0.02
,METROPOLITAN LIFE GLOBAL FUNDING I 1.95% 03/20/2028 REGS,0.02
,AEROPORTS DE MONTREAL 5.17% 09/17/2035,0.02
,PEMBINA PIPELINE CORP 4.49% 12/10/2051,0.02
,BELL TELEPHONE CO OF CANADA OR BELL CANADA/THE 5.25% 08/14/2055,0.02
,TRANSCANADA PIPELINES LTD 5.357% 06/24/2056,0.02
,GREATER TORONTO ARPTS AUTH 2.75% 10/17/2039,0.02
,ENBRIDGE INC 5.32% 08/22/2054,0.02
,ONTARIO POWER GENERATION INC 4.866% 03/13/2055,0.02
,TELUS CORPORATION 2.35% 01/27/2028,0.02
,NORTH WEST REDWATER PARTNERSHIP / NWR FINANCING CO LTD 4.25% 06/01/2029 REGS,0.02
,NORTH WEST REDWATER PARTNERSHIP / NWR FINANCING CO LTD 4.85% 06/01/2034,0.02
,ENBRIDGE INC 4.24% 08/27/2042,0.02
,ALTAGAS LTD 2.075% 05/30/2028,0.02
,TORONTO DOMINION BANK 4.68% 01/08/2029,0.02
,NEWFOUNDLAND PROVINCE CDA 2.05% 06/02/2031,0.02
,NEW BRUNSWICK PROVINCE CANADA 3.05% 08/14/2050,0.02
,BANK OF MONTREAL QUE 3.19% 03/01/2028,0.02
,ALBERTA PROVINCE CDA 2.9% 09/20/2029,0.02
,HYDRO ONE INC 4.3% 08/24/2035,0.02
,NESTLE HOLDINGS INC 2.192% 01/26/2029,0.02
,COASTAL GASLINK PIPELINE LP 5.538% 06/30/2039,0.02
,SASKATCHEWAN PROV CDA 3.05% 12/02/2028,0.02
,JOHN DEERE FINANCIAL INC 4.63% 04/04/2029,0.02
,NATIONAL BANK OF CANADA 3.542%/VAR 01/13/2031,0.02
,QUEBEC PROVINCE CDA 2.75% 09/01/2028,0.02
,FORTISALBERTA INC 4.897% 05/27/2054,0.02
,GREAT WEST LIFECO INC 2.379% 05/14/2030,0.02
,NEWFOUNDLAND PROVINCE CDA 2.85% 06/02/2029,0.02
,ATCO LTD 5.5%/VAR 11/01/2078 REGS,0.02
,TRANSCANADA PIPELINES LTD 5.92% 05/12/2052,0.02
,407 INTERNATIONAL INC 4.54% 10/09/2054,0.02
,CANADIAN NATIONAL RAILWAY CO 4.2% 06/10/2035,0.02
,ROGERS COMMUNICATIONS INC 6.68% 11/04/2039,0.02
,BANK OF MONTREAL QUE 5.039% 05/29/2028,0.02
,HYDRO ONE INC 5% 10/19/2046,0.02
,NATIONAL BANK OF CANADA 5.937%/VAR 12/22/2032,0.02
,ROYAL BANK OF CANADA 4.214%/VAR 07/03/2035,0.02
,CITIGROUP INC 5.07%/VAR 04/29/2028,0.02
,TORONTO DOMINION BANK 5.376% 10/21/2027,0.02
,ENBRIDGE INC 5.35% 11/10/2039,0.02
,SASKATCHEWAN PROV CDA 2.75% 12/02/2046,0.02
,FEDERATION DES CAISE DESJARDIN 3.856%/VAR 03/03/2036,0.02
,CANADIAN NATIONAL RAILWAY CO 3.6% 02/08/2049,0.02
,JOHN DEERE FINANCIAL INC 4.36% 01/20/2027,0.02
,GILDAN ACTIVEWEAR INC 4.362% 11/22/2029,0.01
,ENBRIDGE GAS INC 5.67% 10/06/2053,0.01
,ENBRIDGE INC 5.1% 02/26/2056,0.01
,HYDRO ONE INC 2.16% 02/28/2030,0.01
,GREATER TORONTO ARPTS AUTH 7.1% 06/04/2031 144A,0.01
,COASTAL GASLINK PIPELINE LP 5.607% 06/30/2044,0.01
,ROGERS COMMUNICATIONS INC 5.25% 04/15/2052,0.01
,CANADIAN IMPERIAL BK OF COMM 4.95% 06/29/2027,0.01
,COASTAL GASLINK PIPELINE LP 4.907% 06/30/2031,0.01
,ATHENE GLOBAL FUNDING 4.609% 09/19/2035,0.01
,BROOKFIELD RENEWABLE PARTNERS ULC 4.29% 11/05/2049,0.01
,CANADIAN NATIONAL RAILWAY CO 5.1% 05/02/2054,0.01
,LOWER MATTAGAMI ENRG LTD PRTP 4.854% 10/31/2033,0.01
,NORTH WEST REDWATER PARTNERSHIP / NWR FINANCING CO LTD 3.65% 06/01/2035,0.01
,CITIGROUP INC 5.365% 03/06/2036,0.01
,NORTH WEST REDWATER PARTNERSHIP / NWR FINANCING CO LTD 2.8% 06/01/2031 REGS,0.01
,HYUNDAI CAPITAL CANADA INC 3.584% 01/14/2030,0.01
,ALTALINK LP 4.742% 05/22/2054,0.01
,FORTISBC ENERGY INC 6.55% 02/24/2039,0.01
,FORTISBC INC 5.369% 08/13/2056,0.01
,GRANITE REIT HLDGS LTD PRTNR 3.999% 10/04/2029,0.01
,IGM FINANCIAL INC 5.426% 05/26/2053,0.01
,BANK OF NOVA SCOTIA 3.616%/VAR 01/30/2032,0.01
,407 INTERNATIONAL INC 5.06% 04/07/2056,0.01
,BRITISH COLUMBIA PROVINCE CDA 2.95% 12/18/2028,0.01
,VIDEOTRON LTD 3.625% 06/15/2028 REGS,0.01
,HYDRO-QUEBEC 2% 09/01/2028,0.01
,INTACT FINL CORP 2.954% 12/16/2050,0.01
,407 INTERNATIONAL INC 2.84% 03/07/2050,0.01
,CANADIAN NATIONAL RAILWAY CO 4.4% 05/10/2033,0.01
,NOVA SCOTIA POWER INC 6.95% 08/25/2033,0.01
,KEYERA CORP 5.309% 10/15/2055,0.01
,RELIANCE LP 2.68% 12/01/2027,0.01
,EPCOR UTILS INC 3.554% 11/27/2047,0.01
,407 INTERNATIONAL INC 4.68% 10/07/2053,0.01
,GA GLOBAL FUNDING TRUST 4.858% 07/22/2033 REGS,0.01
,CAPITAL PWR CORP 5.378% 01/25/2027,0.01
,ENBRIDGE GAS INC 4.16% 09/12/2035,0.01
,BROOKFIELD FINANCE II INC 5.399% 12/11/2055,0.01
,NORTH WEST REDWATER PARTNERSHIP / NWR FINANCING CO LTD 4.35% 01/10/2039,0.01
,EPCOR UTILS INC 4.725% 09/02/2052,0.01
,SUN LIFE FINL INC 4.14%/VAR 09/13/2037,0.01
,WALT DISNEY CO/THE 3.057% 03/30/2027,0.01
,CT REAL ESTATE INVT TR 3.029% 02/05/2029,0.01
,INTACT FINL CORP 3.784%/VAR 02/28/2038,0.01
,TOYOTA CR CDA INC 3.73% 10/02/2029,0.01
,CU INC 3.548% 11/22/2047,0.01
,GOLDMAN SACHS GROUP INC (THE) 2.599%/VAR 11/30/2027,0.01
,FEDERATION DES CAISE DESJARDIN 4.123% 08/25/2032,0.01
,DAIMLER TRUCKS FINANCE CANADA INC 5.81% 09/25/2026,0.01
,PRINCE EDWARD ISLAND PROV CDA 3.6% 01/17/2053,0.01
,MANITOBA PROVINCE CDA 3% 06/02/2028,0.01
,BANK OF MONTREAL QUE 4.709% 12/07/2027,0.01
,CU INC 3.763% 11/19/2046,0.01
,ELECTRICITE DE FRANCE 5.777% 05/17/2054,0.01
,HONDA CDA FIN INC 3.539% 09/23/2030,0.01
,SAPUTO INC 2.297% 06/22/2028,0.01
,ALTALINK LP 4.09% 06/30/2045 REGS,0.01
,CT REAL ESTATE INVT TR 3.865% 12/07/2027,0.01
,BELL TELEPHONE CO OF CANADA OR BELL CANADA/THE 5.3% 06/03/2056,0.01
,407 INTERNATIONAL INC 4.45% 09/11/2052,0.01
,TRANSCANADA PIPELINES LTD 4.35% 06/06/2046,0.01
,ONTARIO POWER GENERATION INC 2.947% 02/21/2051,0.01
,DAIMLER TRUCKS FINANCE CANADA INC 5.77% 09/25/2028,0.01
,BELL TELEPHONE CO OF CANADA OR BELL CANADA/THE 6.55% 05/01/2029 144A,0.01
,NATIONAL BANK OF CANADA 4.968% 12/07/2026,0.01
,NOVA SCOTIA PROVINCE CDA 4.5% 06/01/2037,0.01
,FEDERATION DES CAISE DESJARDIN 4.407% 05/19/2027,0.01
,GREAT WEST LIFECO INC 5.998% 11/16/2039,0.01
,ONTARIO PROVINCE CDA 1.35% 12/02/2030,0.01
,NOVA SCOTIA POWER INC 4.5% 07/20/2043 REGS,0.01
,FORTISBC ENERGY INC 2.42% 07/18/2031,0.01
,IA FINANCIAL CORP INC 4.131%/VAR 12/05/2034,0.01
,QUEBEC PROVINCE CDA 2.1% 05/27/2031,0.01
,HYDRO ONE INC 3.63% 06/25/2049,0.01
,TRANSCANADA PIPELINES LTD 5.127% 11/19/2055,0.01
,CU INC 5.032% 11/20/2036,0.01
,NEW BRUNSWICK PROVINCE CANADA 4.05% 08/14/2034,0.01
,AEROPORTS DE MONTREAL 6.55% 10/11/2033,0.01
,LOBLAW COS LTD 6.85% 03/01/2032 144A,0.01
,COASTAL GASLINK PIPELINE LP 4.673% 06/30/2027,0.01
,ENBRIDGE GAS INC 2.37% 08/09/2029,0.01
,BROOKFIELD CORP 5.95% 06/14/2035,0.01
,407 INTERNATIONAL INC 2.59% 05/25/2032 144A REGS,0.01
,HYDRO ONE INC 3.93% 11/30/2029,0.01
,ALTALINK LP 3.99% 06/30/2042,0.01
,FORD CREDIT CANADA CO CIE CREDIT FORD DU CANADA 4.916% 01/09/2031,0.01
,HYDRO ONE INC 4.39% 09/26/2041,0.01
,INTACT FINL CORP 2.85% 06/07/2027 REGS,0.01
,SCOTIABANK CAP TR 5.65%/VAR 12/31/2056,0.01
,ENERGIR LP 4.67% 09/27/2032,0.01
,ENBRIDGE INC 5.75% 09/02/2039,0.01
,BROOKFIELD RENEWABLE PARTNERS ULC 3.33% 08/13/2050,0.01
,TORONTO HYDRO CORP 2.47% 10/20/2031,0.01
,EPCOR UTILS INC 5.75% 11/24/2039,0.01
,ENBRIDGE INC 4.1% 09/21/2051,0.01
,AEROPORTS DE MONTREAL 3.36% 04/24/2047,0.01
,EPCOR UTILS INC 2.411% 06/30/2031,0.01
,ENBRIDGE GAS INC 6.9% 11/15/2032,0.01
,HYDRO ONE INC 1.69% 01/16/2031,0.01
,FORTISALBERTA INC 5.37% 10/30/2039,0.01
,BANK OF NOVA SCOTIA 1.85% 11/02/2026,0.01
,ENBRIDGE GAS INC 6.05% 09/02/2038 REGS,0.01
,METRO INC 4.27% 12/04/2047,0.01
,PEMBINA PIPELINE CORP 4.75% 03/26/2048,0.01
,GREATER TORONTO ARPTS AUTH 5.63% 06/07/2040 144A,0.01
,LOWER MATTAGAMI ENRG LTD PRTP 4.691% 06/07/2054,0.01
,CU INC 3.174% 09/05/2051,0.01
,HYDRO ONE LIMITED 1.41% 10/15/2027,0.01
,NOVA SCOTIA PROVINCE CDA 2% 09/01/2030,0.01
,CU INC 2.609% 09/28/2050,0.01
,NEWFOUNDLAND PROVINCE CDA 3.15% 12/02/2052,0.01
,GREATER TORONTO ARPTS AUTH 6.47% 02/02/2034 144A,0.01
,MANITOBA PROVINCE CDA 4.4% 03/05/2042,0.01
,FORTISALBERTA INC 4.763% 07/07/2055,0.01
,ALTALINK LP 3.717% 12/03/2046,0.01
,ALTAGAS LTD 5.597% 03/14/2054,0.01
,BRITISH COLUMBIA FERRY SVC INC 5.021% 03/20/2037,0.01
,HYDRO ONE INC 2.71% 02/28/2050,0.01
,NEW BRUNSWICK PROVINCE CANADA 4.55% 03/26/2037,0.01
,SASKATCHEWAN PROV CDA 2.65% 06/02/2027,0.01
,ONCOR ELEC DELIVERY CO LLC 4.2% 10/01/2035 REGS,0.01
,NOVA SCOTIA PROVINCE CDA 2.4% 12/01/2031,0.01
,INTACT FINL CORP 3.765% 05/20/2053,0.01
,TORONTO HYDRO CORP 4.95% 10/13/2052,0.01
,NORTH WEST REDWATER PARTNERSHIP / NWR FINANCING CO LTD 3.7% 02/23/2043 REGS,0.01
,CREDIT AGRICOLE SA 4.033%/VAR 07/15/2032,0.01
,IGM FINANCIAL INC 7.11% 03/07/2033,0.01
,GREAT WEST LIFECO INC 2.981% 07/08/2050,0.01
,COASTAL GASLINK PIPELINE LP 5.857% 03/30/2049,0.01
,AT&T INC 5.1% 11/25/2048,0.01
,SUN LIFE FINL INC 4.78%/VAR 08/10/2034,0.01
,HYDRO ONE INC 3.02% 04/05/2029,0.01
,HYDRO ONE INC 6.35% 01/31/2034,0.01
,FORTISBC ENERGY INC 5.9% 02/26/2035,0.01
,FAIRFAX FINANCIAL HLDGS LTD 5.23% 11/23/2054,0.01
,407 INTERNATIONAL INC 4.45% 11/15/2041,0.01
,CANADIAN NATIONAL RAILWAY CO 3.05% 02/08/2050,0.01
,MANITOBA PROVINCE CDA 6.3% 03/05/2031,0.01
,CALGARY AIRPORT AUTHORITY 3.454% 10/07/2041,0.01
,ANHEUSER-BUSCH INBEV FIN INC 4.32% 05/15/2047,0.01
,TORONTO DOMINION BANK 5.177%/VAR 04/09/2034 REGS,0.01
,NEWFOUNDLAND PROVINCE CDA 5.7% 10/17/2035,0.01
,INTACT FINL CORP 2.179% 05/18/2028,0.01
,CANADIAN PAC RY CO 3.05% 03/09/2050,0.01
,407 INTERNATIONAL INC 4.19% 04/25/2042,0.01
,COASTAL GASLINK PIPELINE LP 5.606% 09/30/2042,0.01
,EPCOR UTILS INC 2.899% 05/19/2050,0.01
,ALTALINK LP 4.446% 07/11/2053,0.01
,INTER PIPELINE LTD/AB 4.637% 05/30/2044,0.01
,GRANITE REIT HLDGS LTD PRTNR 6.074% 04/12/2029,0.01
,FORTIS INC 6.51% 07/04/2039,0.01
,HYDRO ONE INC 4.39% 03/01/2034,0.01
,FORTISALBERTA INC 4.862% 05/26/2053,0.01
,NEW BRUNSWICK PROVINCE CANADA 4.45% 08/14/2033,0.01
,COASTAL GASLINK PIPELINE LP 4.691% 09/30/2029,0.01
,HONDA CDA FIN INC 4.899% 02/21/2029,0.01
,NORTH WEST REDWATER PARTNERSHIP / NWR FINANCING CO LTD 2.8% 06/01/2027,0.01
,JOHN DEERE FINANCIAL INC 4.38% 07/11/2028,0.01
,407 INTERNATIONAL INC 3.83% 05/11/2046,0.01
,ONTARIO POWER GENERATION INC 3.838% 06/22/2048,0.01
,HONDA CDA FIN INC 1.711% 09/28/2026,0.01
,ENBRIDGE INC 5.76% 05/26/2053,0.01
,ALTALINK LP 5.463% 10/11/2055,0.01
,FORTISALBERTA INC 3.34% 09/21/2046,0.01
,PRINCE EDWARD ISLAND PROV CDA 4.6% 05/19/2041,0.01
,TORONTO HYDRO CORP 3.99% 09/26/2034,0.01
,ENBRIDGE GAS INC 5.21% 02/25/2036 144A,0.01
,VERIZON COMMUNICATIONS INC 4.05% 03/22/2051,0.01
,ENBRIDGE GAS INC 3.51% 11/29/2047,0.01
,CALGARY AIRPORT AUTHORITY 3.199% 10/07/2036,0.01
,HYDRO ONE INC 6.03% 03/03/2039,0.01
,HYDRO ONE INC 4.46% 01/27/2053,0.01
,ENBRIDGE GAS INC 4.84% 09/12/2055,0.01
,ENERGIR INC 5.7% 07/10/2036,0.01
,CU INC 4.094% 10/19/2054,0.01
,COASTAL GASLINK PIPELINE LP 4.868% 06/30/2045,0.01
,GREATER TORONTO ARPTS AUTH 4.53% 12/02/2041 144A,0.01
,CANADIAN NATIONAL RAILWAY CO 4.7% 05/10/2053,0.01
,BRUCE POWER LP 4.746% 06/21/2049 REGS,0.01
,HYDRO ONE INC 4.59% 10/09/2043 REGS,0.01
,ENBRIDGE GAS INC 3.65% 04/01/2050,0.01
,FORTISBC INC 4.92% 08/12/2054,0.01
,ALTALINK LP 4.692% 11/28/2032,0.01
,TORONTO HYDRO CORP 4.61% 06/14/2033,0.01
,FORTISBC ENERGY INC 4.67% 11/28/2052,0.01
,407 INTERNATIONAL INC 3.72% 05/11/2048,0.01
,ENBRIDGE INC 5.12% 09/28/2040,0.01
,ONTARIO PROVINCE CDA 5.7% 12/02/2039,0.01
,CANADIAN NATIONAL RAILWAY CO 3.95% 09/22/2045,0.01
,SUN LIFE FINL INC 2.06%/VAR 10/01/2035,0.01
,BRITISH COLUMBIA FERRY SVC INC 4.689% 02/19/2056,0.01
,CO OPERATORS FINL SVCS LTD 3.327% 05/13/2030,0.01
,CANADIAN IMPERIAL BK OF COMM 2.25% 01/07/2027,0.01
,BROOKFIELD CORP 3.8% 03/16/2027,0.01
,FORTISALBERTA INC 2.632% 06/08/2051,0.01
,GREAT WEST LIFECO INC 6.74% 11/24/2031,0.01
,ATHENE GLOBAL FUNDING 2.47% 06/09/2028 REGS,0.01
,CT REAL ESTATE INVT TR 3.469% 06/16/2027,0.01
,BANK OF AMERICA CORPORATION 3.615%/VAR 03/16/2028,0.01
,TRANSCANADA PIPELINES LTD 4.33% 09/16/2047,0.01
,ALTALINK LP 5.381% 03/26/2040,0.01
,TERANET HLDGS LP 5.754% 12/17/2040,0.01
,CALGARY AIRPORT AUTHORITY 3.754% 10/07/2061,0.01
,JOHN DEERE FINANCIAL INC 1.34% 09/08/2027,0.01
,ALTALINK LP 4.054% 11/21/2044 REGS,0.01
,TELUS CORPORATION 4.75% 01/17/2045,0.00
,HYDRO ONE INC 5.49% 07/16/2040,0.00
,LOBLAW COS LTD 5.336% 09/13/2052,0.00
,IGM FINANCIAL INC 6% 12/10/2040,0.00
,PEMBINA PIPELINE CORP 4.81% 03/25/2044 REGS,0.00
,ONTARIO PROVINCE CDA 1.85% 02/01/2027,0.00
,SUNCOR ENERGY INC 3.95% 03/04/2051,0.00
,AEROPORTS DE MONTREAL 3.918% 06/12/2045,0.00
,FORTISBC ENERGY INC 3.85% 12/07/2048,0.00
,EPCOR UTILS INC 3.106% 07/08/2049,0.00
,ENBRIDGE INC 4.56% 03/28/2064,0.00
,BRITISH COLUMBIA PROVINCE CDA 5.4% 06/18/2035,0.00
,ENERGIR LP 4.65% 05/20/2055,0.00
,LOWER MATTAGAMI ENRG LTD PRTP 4.175% 04/23/2052,0.00
,NOVA SCOTIA POWER INC 3.571% 04/05/2049,0.00
,SASKATCHEWAN PROV CDA 5% 03/05/2037,0.00
,NORTH WEST REDWATER PARTNERSHIP / NWR FINANCING CO LTD 2% 12/01/2026 REGS,0.00
,ROGERS COMMUNICATIONS INC 6.56% 03/22/2041,0.00
,TRANSCANADA PIPELINES LTD 6.89% 08/07/2028,0.00
,MANITOBA PROVINCE CDA 4.6% 03/05/2038,0.00
,ENBRIDGE GAS INC 3.2% 09/15/2051,0.00
,TORONTO HYDRO CORP 4.75% 09/24/2055,0.00
,TORONTO HYDRO CORP 2.99% 12/10/2049,0.00
,TORONTO DOMINION BANK 1.888% 03/08/2028,0.00
,BANK OF NOVA SCOTIA 3.1% 02/02/2028,0.00
,IGM FINANCIAL INC 4.174% 07/13/2048 REGS,0.00
,LOBLAW COS LTD 6.05% 06/09/2034 144A,0.00
,PROLOGIS LP 5.25% 01/15/2031,0.00
,FORTISALBERTA INC 4.54% 10/18/2041,0.00
,ENBRIDGE GAS INC 4.2% 06/02/2044,0.00
,SASKATCHEWAN PROV CDA 3.4% 02/03/2042,0.00
,BRITISH COLUMBIA FERRY SVC INC 4.702% 10/23/2043,0.00
,ONTARIO POWER GENERATION INC 4.248% 01/18/2049,0.00
,BANK OF MONTREAL QUE 2.7% 12/09/2026,0.00
,POWER CORP OF CANADA 4.81% 01/31/2047,0.00
,HYDRO ONE INC 4.91% 01/27/2028,0.00
,ENERGIR INC 3.28% 10/09/2046,0.00
,SUNCOR ENERGY INC 4.34% 09/13/2046,0.00
,NORTH WEST REDWATER PARTNERSHIP / NWR FINANCING CO LTD 4.75% 06/01/2037 REGS,0.00
,LOBLAW COS LTD 5.115% 03/04/2054,0.00
,ALBERTA PROVINCE CDA 3.9% 12/01/2033,0.00
,JPMORGAN CHASE & CO 1.896%/VAR 03/05/2028,0.00
,TRANSURBAN FINANCE CO PTY LTD 4.555% 11/14/2028 REGS,0.00
,TELUS CORPORATION 5.65% 09/13/2052,0.00
,407 INTERNATIONAL INC 3.3% 03/27/2045 REGS,0.00
,AEROPORTS DE MONTREAL 6.95% 04/16/2032,0.00
,SUN LIFE FINL INC 2.46%/VAR 11/18/2031,0.00
,PEMBINA PIPELINE CORP 4.75% 04/30/2043,0.00
,CANADIAN UTILITIES LTD 4.851% 06/03/2052,0.00
,ENERGIR INC 7.05% 10/30/2030,0.00
,407 INTERNATIONAL INC 3.43% 06/01/2033,0.00
,AT&T INC 4.85% 05/25/2047,0.00
,HEATHROW FUNDING LTD 4.9% 08/06/2039,0.00
,VERIZON COMMUNICATIONS INC 3.625% 05/16/2050,0.00
,BELL TELEPHONE CO OF CANADA OR BELL CANADA/THE 5.6% 08/11/2053 REGS,0.00
,JOHN DEERE FINANCIAL INC 2.58% 10/16/2026,0.00
,407 INTERNATIONAL INC 3.67% 03/08/2049,0.00
,ENBRIDGE INC 4.55% 09/29/2045,0.00
,FORTISBC ENERGY INC 2.82% 08/09/2049,0.00
,BMW CDA INC 4.66% 04/05/2028,0.00
,MACQUARIE GROUP LTD 2.723%/VAR 08/21/2029,0.00
,407 INTERNATIONAL INC 4.89% 04/04/2054,0.00
,ENMAX CORP 3.836% 06/05/2028,0.00
,HCN CDN HLDGS 1 LP 2.95% 01/15/2027,0.00
,AEROPORTS DE MONTREAL 3.03% 04/21/2050,0.00
,CALGARY AIRPORT AUTHORITY 3.554% 10/07/2051,0.00
,NOVA SCOTIA POWER INC 3.307% 04/25/2050,0.00
,METRO INC 5.03% 12/01/2044,0.00
,HYDRO ONE INC 3.79% 07/31/2062,0.00
,FEDERATION DES CAISE DESJARDIN 5.475% 08/16/2028,0.00
,INTER PIPELINE LTD/AB 5.091% 11/27/2051,0.00
,ALBERTA PROVINCE CDA 3.5% 06/01/2031,0.00
,MANITOBA PROVINCE CDA 3.35% 03/05/2043,0.00
,BMW CDA INC 3.99% 10/10/2028,0.00
,FAIRFAX FINANCIAL HLDGS LTD 5.1% 08/16/2055,0.00
,ENBRIDGE INC 6.5% 06/11/2029,0.00
,BRITISH COLUMBIA FERRY SVC INC 2.794% 10/15/2049,0.00
,WINNIPEG ARPTS AUTH INC 5.205% 09/28/2040,0.00
,FORTISALBERTA INC 5.85% 04/15/2038,0.00
,CENTRAL 1 CR UN 4.648% 02/07/2028,0.00
,GREATER TORONTO ARPTS AUTH 5.3% 02/25/2041,0.00
,ALTALINK LP 5.111% 07/23/2056,0.00
,FORTISBC ENERGY INC 6% 10/02/2037,0.00
,ENBRIDGE INC 5.82% 08/17/2053,0.00
,ENBRIDGE GAS INC 4.55% 08/17/2052,0.00
,MANITOBA PROVINCE CDA 3.1% 03/05/2068,0.00
,CANADIAN PAC RY CO 6.45% 11/17/2039,0.00
,POWER FINANCIAL CORP 6.9% 03/11/2033,0.00
,CT REAL ESTATE INVT TR 2.371% 01/06/2031,0.00
,BRITISH COLUMBIA PROVINCE CDA 6.35% 06/18/2031,0.00
,LOWER MATTAGAMI ENRG LTD PRTP 4.944% 09/21/2043,0.00
,FORTISBC ENERGY INC 6.5% 05/01/2034,0.00
,GIBSON ENERGY INC 6.2% 07/12/2053,0.00
,ENBRIDGE INC 4.2% 05/12/2051,0.00
,BROOKFIELD INFRASTRUCTURE FINANCE ULC 5.95% 07/27/2053,0.00
,NEW BRUNSWICK PROVINCE CANADA 4.65% 09/26/2035,0.00
,FIRST CAPITAL REALTY INC/FIRST CAP REAL ESTATE INV TR 3.753% 07/12/2027,0.00
,IGM FINANCIAL INC 4.206% 03/21/2050 REGS,0.00
,CU INC 3.825% 09/11/2062,0.00
,CANADIAN NATL RESOURCES LTD 4.85% 05/30/2047,0.00
,NOVA SCOTIA POWER INC 5.61% 06/15/2040,0.00
,GREAT WEST LIFECO INC 3.337% 02/28/2028,0.00
,ENERGIR LP 4.83% 06/02/2053,0.00
,NOVA SCOTIA PROVINCE CDA 3.5% 06/02/2062,0.00
,IGM FINANCIAL INC 4.115% 12/09/2047,0.00
,BELL TELEPHONE CO OF CANADA OR BELL CANADA/THE 5.15% 02/09/2053,0.00
,NEW BRUNSWICK PROVINCE CANADA 3.55% 06/03/2055,0.00
,ENBRIDGE INC 4.57% 03/11/2044 REGS,0.00
,NOVA SCOTIA POWER INC 3.612% 05/01/2045,0.00
,AEROPORTS DE MONTREAL 3.441% 04/26/2051,0.00
,FORTISBC INC 5.9% 07/04/2047,0.00
,TRANSCANADA PIPELINES LTD 4.18% 07/03/2048 REGS,0.00
,HYDRO ONE INC 3.72% 11/18/2047,0.00
,CU INC 6.5% 03/07/2039,0.00
,TORONTO HYDRO CORP 4.08% 09/16/2044,0.00
,CU INC 3.857% 11/14/2052,0.00
,ONTARIO PROVINCE CDA 8% 12/02/2026,0.00
,BROOKFIELD INFRASTRUCTURE FINANCE ULC 5.789% 04/25/2052,0.00
,ENBRIDGE INC 5.33% 04/06/2040,0.00
,FIRST CAPITAL REAL ESTATE INVESTMENT TRUST 3.447% 03/01/2028,0.00
,MANITOBA PROVINCE CDA 5.8% 03/05/2044,0.00
,EPCOR UTILS INC 3.287% 06/28/2051,0.00
,HEALTH MONTREAL COLLECTIVE LP 6.721% 09/30/2049,0.00
,ALTALINK LP 5.249% 09/22/2036,0.00
,TERANET HLDGS LP 6.1% 06/17/2041,0.00
,CCL INDUSTRIES INC 3.864% 04/13/2028,0.00
,FORTISBC INC 4% 10/28/2044,0.00
,TORONTO HYDRO CORP 3.27% 10/18/2051,0.00
,BROOKFIELD RENEWABLE PARTNERS ULC 5.318% 01/10/2054,0.00
,IGM FINANCIAL INC 7% 12/31/2032,0.00
,EPCOR UTILS INC 4.55% 02/28/2042,0.00
,INTACT FINL CORP 6.4% 11/23/2039,0.00
,ONTARIO POWER GENERATION INC 3.651% 09/13/2050,0.00
,CHOICE PROPERTIES REAL ESTATE INVESTMENT TRUST 3.827% 03/04/2050,0.00
,ENBRIDGE INC 4.55% 08/17/2043,0.00
,ALECTRA INC 5.297% 04/29/2041,0.00
,CANADIAN NATIONAL RAILWAY CO 3.2% 07/31/2028,0.00
,POWER CORP OF CANADA 4.455% 07/27/2048,0.00
,ALBERTA PROVINCE CDA 4.5% 12/01/2040,0.00
,MANITOBA PROVINCE CDA 2.75% 06/02/2029,0.00
,TORONTO HYDRO CORP 5.54% 05/21/2040,0.00
,CANADIAN NATIONAL RAILWAY CO 3.6% 07/31/2048,0.00
,NEWFOUNDLAND & LABRADOR HYDRO 5.7% 07/14/2033,0.00
,TRANSCANADA PIPELINES LTD 7.31% 01/15/2027,0.00
,SUN LIFE FINL INC 5.4%/VAR 05/29/2042,0.00
,EPCOR UTILS INC 3.949% 11/26/2048,0.00
,BELL TELEPHONE CO OF CANADA OR BELL CANADA/THE 4.75% 09/29/2044,0.00
,ENBRIDGE GAS INC 4.95% 11/22/2050,0.00
,407 INTERNATIONAL INC 3.65% 09/08/2044 REGS,0.00
,INTACT FINL CORP 5.16% 06/16/2042,0.00
,TRANSCANADA PIPELINES LTD 4.34% 10/15/2049 REGS,0.00
,TORONTO HYDRO CORP 3.96% 04/09/2063,0.00
,407 INTERNATIONAL INC STEP 07/26/2040,0.00
,METRO INC 3.413% 02/28/2050,0.00
,LOBLAW COS LTD 6.45% 03/01/2039 144A,0.00
,FORTISALBERTA INC 4.27% 09/22/2045,0.00
,MANULIFE FIN DE LP 5.059%/VAR 12/15/2041,0.00
,FORTISBC ENERGY INC 3.375% 04/13/2045 REGS,0.00
,FORTISBC ENERGY INC 5.8% 05/13/2038,0.00
,TRANSCANADA PIPELINES LTD 7.9% 04/15/2027,0.00
,ALECTRA INC 1.751% 02/11/2031,0.00
,407 INTERNATIONAL INC 3.98% 09/11/2052,0.00
,SUNCOR ENERGY INC 3.1% 05/24/2029,0.00
,SWISS FRANC,0.00
,ROGERS COMMUNICATIONS INC 5.65% 09/21/2026,0.00
