TICKER,PORTFOLIO_MWEIGHT,POSITION,SECURITY_NAME,GICS_SECTOR_NAME,GICS_SECTOR_NAME_FR,COUNTRY,COUNTRY_FR,LAST_PRICE,VALUE,BTC Per Share,Shares Per BTC
"AAPL US EQUITY",1.14E-01,316.9731861,"Apple Inc",Technology,Technologie,"United States",États-Unis,337.0000,149430.4472,,
"GOOGL US EQUITY",4.98E-02,134.5260328,"Alphabet Inc",Technology,Technologie,"United States",États-Unis,347.3300,65363.50029,,
"AMD US EQUITY",4.95E-02,85.10830646,"Advanced Micro Devices Inc",Technology,Technologie,"United States",États-Unis,545.0900,64897.33066,,
"INTC US EQUITY",2.85E-02,245.8001631,"Intel Corp",Technology,Technologie,"United States",États-Unis,108.8000,37410.86351,,
"INTU US EQUITY",0.004996366,14.96605831,"Intuit Inc",Technology,Technologie,"United States",États-Unis,313.1300,6555.695612,,
"SNPS US EQUITY",4.32E-03,10.62491027,"Synopsys Inc",Technology,Technologie,"United States",États-Unis,381.1700,5665.400979,,
"WDC US EQUITY",0.007945823,17.5826407,"Western Digital Corp",Technology,Technologie,"United States",États-Unis,423.8700,10425.65743,,
"CRWD US EQUITY",0.014528991,55.46361744,"Crowdstrike Holdings Inc",Technology,Technologie,"United States",États-Unis,245.7000,19063.38498,,
"META US EQUITY",8.56E-02,117.607449,"Meta Platforms Inc",Technology,Technologie,"United States",États-Unis,682.3100,112254.3647,,
"MSTR US EQUITY",0.002635664,18.69270595,"Strategy Inc",Technology,Technologie,"United States",États-Unis,132.2500,3458.235144,,
"CDNS US 09/18/26 C335 EQUITY",-9.52E-07,-0.059467781,"Cadence Design Systems Inc - CALL Option",Technology,Technologie,"United States",États-Unis,0.1500,-1.248823409,,
"CRWD US 09/18/26 C205 EQUITY",-1.15E-03,-0.257693719,"Crowdstrike Holdings Inc - CALL Option",Technology,Technologie,"United States",États-Unis,41.8000,-1506.52704,,
"CRWV US 09/18/26 C91 EQUITY",-4.23E-07,-0.099112969,"CoreWeave Inc - CALL Option",Technology,Technologie,"United States",États-Unis,0.0400,-0.555032626,,
"DASH US 09/18/26 C245 EQUITY",-8.46E-07,-0.099112969,"DoorDash Inc - CALL Option",Technology,Technologie,"United States",États-Unis,0.0800,-1.110065252,,
"DDOG US 09/18/26 C245 EQUITY",-5.62E-06,-0.069379078,"Datadog Inc - CALL Option",Technology,Technologie,"United States",États-Unis,0.7600,-7.374004892,,
"FTNT US 09/18/26 C162.5 EQUITY",-1.97E-04,-0.168492047,"Fortinet Inc - CALL Option",Technology,Technologie,"United States",États-Unis,10.9800,-258.7443168,,
"TXN US EQUITY",1.28E-02,46.49389375,"Texas Instruments Inc",Technology,Technologie,"United States",États-Unis,258.1400,16789.50512,,
"ADBE US EQUITY",5.92E-03,21.99316782,"Adobe Inc",Technology,Technologie,"United States",États-Unis,252.6700,7773.706484,,
"ADI US EQUITY",9.81E-03,25.37292006,"Analog Devices Inc",Technology,Technologie,"United States",États-Unis,362.6500,12871.96363,,
"ADSK US EQUITY",0.002673102,11.46737051,"Autodesk Inc",Technology,Technologie,"United States",États-Unis,218.6400,3507.358306,,
"FTNT US EQUITY",0.007199796,39.12980015,"Fortinet Inc",Technology,Technologie,"United States",États-Unis,172.5800,9446.800995,,
"TRI US EQUITY",2.22E-03,20.97230423,"Thomson Reuters Corp",Technology,Technologie,Canada,Canada,99.4800,2918.559775,,
"MRVL US EQUITY",1.07E-02,41.73647123,"Marvell Technology Inc",Technology,Technologie,"United States",États-Unis,240.7600,14056.80862,,
"STX US EQUITY",1.05E-02,12.27018556,"Seagate Technology Holdings PLC",Technology,Technologie,"United States",États-Unis,803.1300,13785.53573,,
"DDOG US EQUITY",0.004583636,18.2169637,"Datadog Inc",Technology,Technologie,"United States",États-Unis,236.0000,6014.155729,,
"KLAC US EQUITY",1.17E-02,64.68112355,"KLA Corp",Technology,Technologie,"United States",États-Unis,168.9800,15289.71994,,
"SHOP US EQUITY",8.99E-03,65.57314027,"Shopify Inc",Technology,Technologie,Canada,Canada,128.6000,11796.51219,,
"ASML US EQUITY",8.49E-03,4.88626937,"ASML Holding NV",Technology,Technologie,Netherlands,Pays-Bas,"1,629.6700",11139.4499,,
"PDD US EQUITY",3.03E-03,36.59250814,"PDD Holdings Inc",Technology,Technologie,Ireland,Irlande,77.7300,3978.941183,,
"ARM US EQUITY",6.21E-03,21.97334522,"ARM Holdings PLC",Technology,Technologie,Britain,Grande-Bretagne,264.9000,8142.632012,,
"DASH US EQUITY",4.45E-03,21.45795778,"DoorDash Inc",Technology,Technologie,"United States",États-Unis,194.5600,5840.212072,,
"PLTR US EQUITY",2.38E-02,126.7456647,"Palantir Technologies Inc",Technology,Technologie,"United States",États-Unis,176.2400,31248.14696,,
"ALAB US EQUITY",2.58E-03,8.256110315,"Astera Labs Inc",Technology,Technologie,"United States",États-Unis,293.5600,3390.463182,,
"INTC US 09/18/26 C92.5 EQUITY",-2.22E-03,-1.268646003,"Intel Corp - CALL Option",Technology,Technologie,"United States",États-Unis,16.4500,-2918.787735,,
"INTU US 09/18/26 C395 EQUITY",-2.57E-07,-0.059467781,"Intuit Inc - CALL Option",Technology,Technologie,"United States",États-Unis,0.0400,-0.336984095,,
"KLAC US 09/18/26 C190 EQUITY",-5.39E-06,-0.336984095,"KLA Corp - CALL Option",Technology,Technologie,"United States",États-Unis,0.1500,-7.066754688,,
"MCHP US 09/18/26 C78 EQUITY",-5.82E-07,-0.109024266,"Microchip Technology Inc - CALL Option",Technology,Technologie,"United States",États-Unis,0.0500,-0.763169861,,
"META US 09/18/26 C590 EQUITY",-5.40E-03,-0.545121329,"Meta Platforms Inc - CALL Option",Technology,Technologie,"United States",États-Unis,93.0000,-7090.432776,,
"LRCX US 09/18/26 C325 EQUITY",-3.10E-07,-0.28742761,"Lam Research Corp - CALL Option",Technology,Technologie,"United States",États-Unis,0.0100,-0.406363173,,
"MSFT US 09/18/26 C520 EQUITY",-3.97E-06,-0.931661908,"Microsoft Corp - CALL Option",Technology,Technologie,"United States",États-Unis,0.0400,-5.213342168,,
"MRVL US 09/18/26 C242.5 EQUITY",-4.45E-05,-0.168492047,"Marvell Technology Inc - CALL Option",Technology,Technologie,"United States",États-Unis,2.4800,-58.4469178,,
"MSTR US 09/18/26 C135 EQUITY",-9.72E-06,-0.079290375,"Strategy Inc - CALL Option",Technology,Technologie,"United States",États-Unis,1.1500,-12.75583911,,
"MU US 09/18/26 C965 EQUITY",-6.02E-04,-0.28742761,"Micron Technology Inc - CALL Option",Technology,Technologie,"United States",États-Unis,19.6400,-789.5239995,,
"MSFT US EQUITY",1.18E-01,221.428284,"Microsoft Corp",Technology,Technologie,"United States",États-Unis,497.7500,154181.0621,,
"QCOM US EQUITY",1.08E-02,53.6696727,"QUALCOMM Inc",Technology,Technologie,"United States",États-Unis,188.7100,14168.06472,,
"NVDA US EQUITY",1.07E-01,459.2795869,"NVIDIA Corp",Technology,Technologie,"United States",États-Unis,219.3400,140922.9262,,
"NXPI US EQUITY",3.19E-03,13.14237969,"NXP Semiconductors NV",Technology,Technologie,Netherlands,Pays-Bas,227.9500,4190.832222,,
"PANW US EQUITY",1.74E-02,43.4511256,"Palo Alto Networks Inc",Technology,Technologie,"United States",États-Unis,375.0600,22797.56441,,
"GOOG US EQUITY",4.61E-02,125.7248011,"Alphabet Inc",Technology,Technologie,"United States",États-Unis,343.6800,60445.2095,,
"AVGO US EQUITY",7.92E-02,213.9452548,"Broadcom Inc",Technology,Technologie,"United States",États-Unis,347.3000,103942.7283,,
"MCHP US EQUITY",2.09E-03,27.72189742,"Microchip Technology Inc",Technology,Technologie,"United States",États-Unis,70.8200,2746.411054,,
"AMAT US EQUITY",1.84E-02,41.24090639,"Applied Materials Inc",Technology,Technologie,"United States",États-Unis,417.4000,24080.60072,,
"ROP US EQUITY",2.13E-03,5.332277731,"Roper Technologies Inc",Technology,Technologie,"United States",États-Unis,374.7600,2795.456016,,
"CDNS US EQUITY",4.42E-03,14.77774367,"Cadence Design Systems Inc",Technology,Technologie,"United States",États-Unis,280.7600,5804.035145,,
"SNDK US EQUITY",1.25E-02,7.264980626,"Sandisk Corp",Technology,Technologie,"United States",États-Unis,"1,614.3900",16407.01558,,
"CRWV US EQUITY",2.03E-03,23.87631423,"CoreWeave Inc",Technology,Technologie,"United States",États-Unis,79.8800,2668.037969,,
"NBIS US EQUITY",2.75E-03,11.84399979,"Nebius Group NV",Technology,Technologie,Netherlands,Pays-Bas,217.9900,3611.782838,,
"NBIS US 09/18/26 C220 EQUITY",-1.31E-05,-0.039645188,"Nebius Group NV - CALL Option",Technology,Technologie,Netherlands,Pays-Bas,3.1000,-17.18618882,,
"PANW US 09/18/26 C375 EQUITY",-1.16E-04,-0.188314641,"Palo Alto Networks Inc - CALL Option",Technology,Technologie,"United States",États-Unis,5.8000,-152.7628191,,
"NVDA US 09/18/26 C225 EQUITY",-2.80E-05,-2.021904567,"NVIDIA Corp - CALL Option",Technology,Technologie,"United States",États-Unis,0.1300,-36.76100019,,
"NXPI US 09/18/26 C230 EQUITY",-6.34E-06,-0.049556484,"NXP Semiconductors NV - CALL Option",Technology,Technologie,"United States",États-Unis,1.2000,-8.315578097,,
"PLTR US 09/18/26 C187.5 EQUITY",-4.59E-06,-0.614500408,"Palantir Technologies Inc - CALL Option",Technology,Technologie,"United States",États-Unis,0.0700,-6.016157217,,
"ROP US 09/18/26 C450 EQUITY",-2.83E-06,-0.009911297,"Roper Technologies Inc - CALL Option",Technology,Technologie,"United States",États-Unis,2.6800,-3.716736336,,
"QCOM US 09/18/26 C167.5 EQUITY",-5.86E-04,-0.247782422,"QUALCOMM Inc - CALL Option",Technology,Technologie,"United States",États-Unis,22.2000,-769.3445991,,
"SNDK US 09/18/26 C1550 EQUITY",-2.19E-04,-0.029733891,"Sandisk Corp - CALL Option",Technology,Technologie,"United States",États-Unis,69.0000,-286.9419565,,
"SNPS US 09/18/26 C417.5 EQUITY",-2.54E-06,-0.039645188,"Synopsys Inc - CALL Option",Technology,Technologie,"United States",États-Unis,0.6000,-3.330195757,,
"STX US 09/18/26 C850 EQUITY",-5.49E-06,-0.039645188,"Seagate Technology Holdings PLC - CALL Option",Technology,Technologie,"United States",États-Unis,1.3000,-7.205512844,,
"WDAY US EQUITY",2.43E-03,11.45745921,"Workday Inc",Technology,Technologie,"United States",États-Unis,199.2800,3194.027918,,
"MU US EQUITY",5.82E-02,55.82042413,"Micron Technology Inc",Technology,Technologie,"United States",États-Unis,977.5000,76330.22948,,
"TEAM US EQUITY",1.22E-05,0.059467781,"Atlassian Corp",Technology,Technologie,Australia,Australie,192.5300,16.01645756,,
"LRCX US EQUITY",1.85E-02,64.41351854,"Lam Research Corp",Technology,Technologie,"United States",États-Unis,269.3100,24267.00466,,
"MPWR US EQUITY",2.94E-03,2.358888662,"Monolithic Power Systems Inc",Technology,Technologie,"United States",États-Unis,"1,169.5800",3859.437802,,
"TER US EQUITY",3.00E-03,7.958771409,"Teradyne Inc",Technology,Technologie,"United States",États-Unis,353.1300,3931.581834,,
"APP US EQUITY",5.73E-03,16.71044657,"AppLovin Corp",Technology,Technologie,"United States",États-Unis,321.6000,7517.799969,,
"AAPL US 09/18/26 C335 EQUITY",-5.49E-04,-1.585807504,"Apple Inc - CALL Option",Technology,Technologie,"United States",États-Unis,3.2500,-720.8288007,,
"ADSK US 09/18/26 C272.5 EQUITY",-4.65E-06,-0.039645188,"Autodesk Inc - CALL Option",Technology,Technologie,"United States",États-Unis,1.1000,-6.095447592,,
"ALAB US 09/18/26 C292.5 EQUITY",-1.95E-05,-0.029733891,"Astera Labs Inc - CALL Option",Technology,Technologie,"United States",États-Unis,6.1400,-25.53150081,,
"AMAT US 09/18/26 C515 EQUITY",-5.74E-07,-0.178403344,"Applied Materials Inc - CALL Option",Technology,Technologie,"United States",États-Unis,0.0300,-0.753258564,,
"ADBE US 09/18/26 C297.5 EQUITY",-8.31E-08,-0.079290375,"Adobe Inc - CALL Option",Technology,Technologie,"United States",États-Unis,0.0100,-0.109024266,,
"ADI US 09/18/26 C390 EQUITY",-2.33E-06,-0.109024266,"Analog Devices Inc - CALL Option",Technology,Technologie,"United States",États-Unis,0.2000,-3.052679444,,
"AMD US 09/18/26 C490 EQUITY",-2.54E-03,-0.426185767,"Advanced Micro Devices Inc - CALL Option",Technology,Technologie,"United States",États-Unis,56.0100,-3338.570803,,
"APP US 09/18/26 C320 EQUITY",-3.08E-05,-0.059467781,"AppLovin Corp - CALL Option",Technology,Technologie,"United States",États-Unis,4.8600,-40.41826875,,
"ARM US 09/18/26 C252.5 EQUITY",-1.50E-04,-0.109024266,"ARM Holdings PLC - CALL Option",Technology,Technologie,Britain,Grande-Bretagne,12.9300,-197.1555179,,
"ASML US 09/18/26 C1860 EQUITY",-8.31E-08,-0.009911297,"ASML Holding NV - CALL Option",Technology,Technologie,Netherlands,Pays-Bas,0.0800,-0.109024266,,
"AVGO US 09/18/26 C387.5 EQUITY",-2.24E-06,-1.050597471,"Broadcom Inc - CALL Option",Technology,Technologie,"United States",États-Unis,0.0200,-2.943655178,,
"TER US 09/18/26 C380 EQUITY",-7.33E-07,-0.029733891,"Teradyne Inc - CALL Option",Technology,Technologie,"United States",États-Unis,0.2300,-0.961395799,,
"TRI US 09/18/26 C115 EQUITY",-4.22E-06,-0.099112969,"Thomson Reuters Corp - CALL Option",Technology,Technologie,Canada,Canada,0.4000,-5.540414966,,
"TXN US 09/18/26 C275 EQUITY",-1.56E-06,-0.208137235,"Texas Instruments Inc - CALL Option",Technology,Technologie,"United States",États-Unis,0.0700,-2.041727161,,
"WDAY US 09/18/26 C215 EQUITY",-1.06E-06,-0.049556484,"Workday Inc - CALL Option",Technology,Technologie,"United States",États-Unis,0.2000,-1.387581566,,
"WDC US 09/18/26 C460 EQUITY",-3.04E-06,-0.079290375,"Western Digital Corp - CALL Option",Technology,Technologie,"United States",États-Unis,0.3600,-3.99425265,,
